-- phpMyAdmin SQL Dump
-- version 5.1.3
-- https://www.phpmyadmin.net/
--
-- 主機： 127.0.0.1
-- 產生時間： 2022-06-13 04:08:37
-- 伺服器版本： 10.4.24-MariaDB
-- PHP 版本： 8.1.4

SET SQL_MODE = "NO_AUTO_VALUE_ON_ZERO";
START TRANSACTION;
SET time_zone = "+00:00";


/*!40101 SET @OLD_CHARACTER_SET_CLIENT=@@CHARACTER_SET_CLIENT */;
/*!40101 SET @OLD_CHARACTER_SET_RESULTS=@@CHARACTER_SET_RESULTS */;
/*!40101 SET @OLD_COLLATION_CONNECTION=@@COLLATION_CONNECTION */;
/*!40101 SET NAMES utf8mb4 */;

--
-- 資料庫: `group_07`
--
CREATE DATABASE IF NOT EXISTS `group_07` DEFAULT CHARACTER SET utf8mb4 COLLATE utf8mb4_general_ci;
USE `group_07`;

-- --------------------------------------------------------

--
-- 資料表結構 `book`
--

CREATE TABLE `book` (
  `isbn` varchar(13) COLLATE utf8mb4_unicode_ci NOT NULL,
  `price` int(11) NOT NULL,
  `book_name` varchar(30) COLLATE utf8mb4_unicode_ci NOT NULL,
  `full_name` varchar(50) COLLATE utf8mb4_unicode_ci NOT NULL,
  `eng_name` varchar(100) COLLATE utf8mb4_unicode_ci DEFAULT NULL,
  `author` varchar(40) COLLATE utf8mb4_unicode_ci NOT NULL,
  `translator` varchar(20) COLLATE utf8mb4_unicode_ci DEFAULT NULL,
  `press` varchar(20) COLLATE utf8mb4_unicode_ci NOT NULL,
  `publish_date` date NOT NULL,
  `lang` varchar(10) COLLATE utf8mb4_unicode_ci NOT NULL,
  `category` varchar(20) COLLATE utf8mb4_unicode_ci NOT NULL,
  `content_intro` varchar(5000) COLLATE utf8mb4_unicode_ci DEFAULT NULL,
  `spec` varchar(100) COLLATE utf8mb4_unicode_ci NOT NULL
) ENGINE=InnoDB DEFAULT CHARSET=utf8mb4 COLLATE=utf8mb4_unicode_ci;

--
-- 傾印資料表的資料 `book`
--

INSERT INTO `book` (`isbn`, `price`, `book_name`, `full_name`, `eng_name`, `author`, `translator`, `press`, `publish_date`, `lang`, `category`, `content_intro`, `spec`) VALUES
('9789570530704', 435, '未央歌', '未央歌', NULL, '鹿橋', NULL, '臺灣商務', '2017-02-01', '繁體中文', '文學', '\r\n這是一個有情世界，在美好故事裡，看見自己和身邊的人\r\n　　\r\n　　薄暮青山路又斜\r\n　　倘佯湖畔少人家\r\n　　浮生若夢的不差\r\n　　聽我歌聲隨流水到山崖\r\n　　──鹿橋　題\r\n　　\r\n　　昆明的太陽是最叫人愛的，那些驕傲美麗的飛機就常常在晴空之下舒展翻轉他們耀目，銀色的翅膀，下面看得快樂的人們眼也花了。\r\n　　\r\n　　民國三十二年，重慶郊外山洞：\r\n　　為了一向珍視那真的，曾經有過的生活，我很想把每一片段在我心上所創作的全留下來，不讓他們一齊混進所謂分析過的生活經驗裏，而成了所謂錘鍊過的思想。又為了過去的生活是那麼特殊；一面熱心地崇景著本國先哲的思想學術，一面又注射著西方的文化，飽享著自由的讀書空氣，起居絃誦於美麗的昆明及淳厚古樸的昆明人之中，所以現在記載時所採用的形式也是一樣特殊的。──鹿橋\r\n　　\r\n　　一九七二年，聖鹿邑：\r\n　　在你很擠的房子裏，很忙的工作中，如果她（未央歌）也能在你中心拓展出一片風光山色，使你獲致心靈上片刻的慰藉與安寧，這就是我所馨香祈禱的了。──鹿橋\r\n　　\r\n　　未央──千秋萬世，長樂未央──來者不識，去向未明，《未央歌》一如完全透明白色大理石般那樣的美好，是一部歌頌青春友情的小說。延伸閱讀\r\n　　《未央歌》(限量精裝珍藏版)\r\n　　《市廛居》\r\n　　《人子》\r\n　　《懺情書》\r\n　　《鹿橋歌未央》\r\n　　\r\n本書特色\r\n\r\n　　★繼1967年初版，至今長銷不衰的長篇小說。\r\n　　★民國校園版的浪漫、青春小說，描寫一群大時代的大學生，他們的成長故事。\r\n　　★五十週年紀念版深情上市。特別收錄作家楊照專文導讀。\r\n\r\n媒體推薦\r\n\r\n　　書人文字秀\r\n　　作家／聯副主編　宇文正\r\n　　作家　詹宏志\r\n　　作家　楊照\r\n　　共同推薦', '平裝 / 820頁 / 17 x 22 x 4.1 cm / 普通級 / 單色印刷 / 初版'),
('9789571335896', 160, '查令十字路84號', '查令十字路84號', '84, Charing Cross Road', '海蓮．漢芙', '陳建銘', '時報出版', '2009-09-19', '繁體中文', '文學', '這是一間活脫是從狄更斯書裡頭蹦出來的可愛鋪子。\r\n\r\n　　店外陳列了幾架書，開門進去前，我先站在外頭假裝隨意翻閱幾本書，好讓自己看起來像是若無其事地逛書店。一走進店內，暄囂全被關在門外。一陣古書的陳舊氣味撲鼻而來。我實在不知該怎麼形容：那是一種混雜著黴味兒、長年積塵的氣息，加上牆壁、地板散發的木頭香........店內左手邊有張書桌，坐著一位年約五十、長著一只霍加斯式鼻子的男士。他站起身來，操著北方口音對我說：「日安。」我回答說我只是隨意逛逛，而他則有禮地說：「請。」\r\n\r\n　　極目所見全是書架－高聳直扺到天花板的深色的古老書架，橡木架面經過漫長歲月的洗禮，雖已褪色仍逕放光芒。接著是擺放畫片的專區：另一邊還放著幾疊迷人的古舊畫刊......', '平裝 / 108頁 / 19.1 x 13 x 0.54 cm / 普通級 / 單色印刷 / 初版'),
('9789571378527', 480, '槍炮、病菌與鋼鐵', '槍炮、病菌與鋼鐵：人類社會的命運', NULL, 'Jared Diamond', '王道還, 廖月娟', '時報出版', '2019-08-13', '繁體中文', '社會、歷史', '　　歷史上到底發生了什麼事，讓世界這麼不平等？\r\n \r\n　　「我們這個時代的達爾文」賈德‧戴蒙經典不墜之作\r\n　　最具原創性與影響力的一萬三千年人類簡史\r\n \r\n　　榮獲普立茲獎、英國皇家學會科學圖書獎、紐約時報暢銷書\r\n　　36國語言譯本，全球銷售超過數百萬冊\r\n \r\n　　｜25週年暢銷紀念版｜\r\n\r\n　　為什麼現代社會中的財富和權力分配，是以今日此種面貌呈現？\r\n　　為何越過大洋殺戮、征服和滅絕的，不是美洲、非洲的土著，而是歐洲人和亞洲人？\r\n　　歷史上到底發生了什麼事，導致現代世界的不平等？\r\n\r\n　　透過生物地理學、演化生物學、語言學、文化人類學等科學的視野，賈德．戴蒙帶領讀者橫跨一萬三千年，探索不同族群的發展軌跡。本書挑戰了傳統史觀，出版至今傳誦不墜、激起無數討論，本身即是人類文明的重大進展。閱讀本書，不但能明白現代世界的生成，亦將使未來世界的樣貌更為明晰。\r\n\r\n　　／建構人類文明的發展軌跡　剖析社會不平等的起源\r\n\r\n　　今天的世界現況，其實早在一萬三千年前就決定了。\r\n　　賈德．戴蒙做出了重要的提醒：各洲社會、文化的巨大歧異不在生物基因本身，而在環境的差異。他嘗試探討主宰人類社會的關鍵，認為各大洲「自然資源」的不平等，正是造就至今社會文明發展落差的主因。從本書作者三十多年的思考脈絡中，不僅解釋了「槍炮、病菌與鋼鐵」何以成為文明擴張、族群鬥爭的利器，更闡述了地理環境條件為什麼足以決定人類的歷史命運。\r\n\r\n好評推薦\r\n\r\n　　本書不但在理解人類歷史層面充滿了魅力，也精彩地描寫了如何運用起步優勢，在高度競爭的環境中獲得早期成功。為商業界以及對科技成功之道感興趣的人士，提供了極具參考性的範例。──比爾．蓋茲（Bill Gates）\r\n\r\n　　作者對人類社會的不平等做出極為引人入勝的解析……精妙地融合了專業知識、趣味和憐憫，從來不曾有人處理的如此有條不紊。──《時代》（Time）雜誌\r\n\r\n　　本書提供了非凡的視野……是近年認識人類過去最重要且最值得一讀的作品。──《自然》（Nature）雜誌\r\n\r\n　　這是一本極其重要的書，每一位大學生必讀之經典，書中的主旨更該從小教育給下一代。──《華盛頓郵報》（The Washington Post）書評\r\n\r\n　　本書展現作者的巧心慧思與博學多聞，而且生動有趣，給我們一個全新的角度來看世界。──威廉．麥克尼爾（William H. McNeil）｜《瘟疫與人》作者\r\n\r\n　　戴蒙放眼天下、展望全球，得到的結論必然引人爭議。可是這只是個開始，他讓我們對世界史產生新的看法。──艾弗瑞．克羅斯比（Alfred W. Crosby）｜《生態帝國主義》、《哥倫布大交換》作者\r\n\r\n　　作者帶領讀者回到人類自然史做一趟旋風之旅，直到冰期結束，約當一萬三千年前這是人類共同的身世。帝國的起源、宗教、文字、農業和槍炮也都在本書中。鑑往知來，研究現代世界形成的經過，有助於我們放眼未來。──保羅．埃力克（Paul R. Ehrlich）｜史丹佛大學教授、《人類的演化》作者\r\n\r\n　　沒有一個科學家像戴蒙，給我們這麼多來自實驗室和田野的寶貴經驗；就人類社會的問題而言，也很少有人像他呈現得如此有條不紊。本書讀來趣味十足，戴蒙展現了歷史和生物學的相輔相成，融會貫通，更加深我們對人類環境的了解。──愛德華．威爾森（Edward O. Wilson）｜哈佛大學教授、《生物圈的未來》作者', '平裝 / 564頁 / 14.8 x 21 x 2.82 cm / 普通級 / 單色印刷 / 初版'),
('9789571384641', 300, '異鄉人', '異鄉人', 'L’Étranger', 'Albert Camus', '秦三澍', '時報出版', '2020-12-22', '繁體中文', '文學', '　\r\n  「在現行社會，倘若某人沒在母親葬禮上哭，便有被處死的風險。」我深知這話很矛盾。我無非想說，本書主人公被判罪，起因於他沒參與那場遊戲。故此，他對於他身處的社會是個異鄉人。\r\n                                                                                      ──卡繆\r\n \r\n　　「今天媽媽死了。也許是昨天，我不清楚。 」\r\n　　我是莫爾索，一名普通的公司職員。我愛媽媽，但在葬禮上，我沒有哭。\r\n　　第二天回到家，和女朋友瑪麗狂歡，事後她問我愛不愛她，我說不愛。\r\n　　結婚前夕，一位剛認識的朋友邀請我去海邊玩。途中，我連開五槍，殺死了一個陌生人。入獄後被叛了死刑，我選擇不上訴。人們說我冷漠、自私、固執。\r\n　　這或許很荒誕，卻是我的人生──我就是要活出真實的自己，哪怕成為你眼中的異鄉人！ \r\n \r\n本書特色\r\n \r\n　　• 諾貝爾文學獎官方，特別授權：經諾貝爾文學獎基金會官方授權，收錄卡繆諾貝爾文學獎授獎詞及受獎詞。\r\n　　• 卡繆年表，完整收錄：帶您快速全面瞭解卡繆傳奇人生。\r\n　　• 美國版自序，特別收錄：美國版《異鄉人》卡繆自序全文。\r\n　　• 譯者後記，講透精髓：新增譯者六千一百三十一字精彩解讀，帶您讀懂《異鄉人》精髓。\r\n　　• 法語直譯，原汁原味：法國巴黎高等師範大學文學博士、詩人譯者秦三澍，根據伽利瑪出版社二○○六年七星叢書版《加繆全集》傾心翻譯，傳神還原卡繆語。\r\n \r\n好評推薦\r\n \r\n　　這是從戰後混亂中冒出來的少有的文學之聲，充滿既和諧又有分寸的人道主義聲音。──《紐約時報》\r\n \r\n　　《異鄉人》是一本描寫罪行和懲罰的小說，必將引發對法國青年作家新一輪的興趣大爆炸。──《紐約時報》\r\n \r\n　　卡繆是我們這個時代不抱幻想的卡夫卡。──《勝利》週刊\r\n \r\n　　當今法國最具膽識的作家。──《紐約先驅者論壇報》\r\n \r\n　　法國《世界報》二十世紀世界百大圖書\r\n \r\n　　美國哈佛書店店員喜愛的一百本書\r\n \r\n　　英國每日電訊報每個人都應該讀的一百部小說\r\n \r\n　　邦諾書店有生之年必讀的五十本書\r\n \r\n　　英國《泰晤士報》最佳經典名著\r\n \r\n　　向一顆不停地探求和思索的靈魂致敬──諾貝爾文學獎得主福克納致卡繆賀電\r\n \r\n　　卡夫卡喚起的是憐憫和恐懼，喬伊斯喚起的是欽佩，普魯斯特和紀德喚起的是敬意，但除了卡繆以外，我想不起還有其他現代作家能喚起愛。──蘇珊‧桑塔格，美國作家\r\n \r\n　　卡繆自身遠超了虛無主義。其關於責任的沉思嚴肅而高峭，那責任便是不間斷地恢復被踐踏的東西，在不公正的世界中使正義成為可能。──諾貝爾文學獎頒獎致辭\r\n \r\n　　卡繆的作品始終與追求正義緊密相連。──法國文學家，馬爾羅(André Malraux)\r\n \r\n　　這位年輕人（卡繆）是最受年輕一代歡迎的導師之一。──法國文學家，莫里亞克(François Mauriac)\r\n \r\n　　他頂著歷史的潮流，作為醒世作家的古老家族在當今的繼承者，出現在我們這個世紀，須知正是這些醒世作家的作品構成了也許是法國文學中最富有獨特性的部分。──法國存在主義文學大師，沙特\r\n \r\n　　他的風度，他的關懷，他擁有的廣大讀者，以及他在巴黎公共領域無所不在的身影，似乎凝聚了一切最典型的法蘭西特性，體現文學、思想和政治介入的結合。──東尼‧賈德(Tony Judt)，歐威爾終身成就獎得主\r\n \r\n　　昨天我見到了卡繆：毫無疑問，當今法國最傑出的人，遠在其他知識分子之上。──漢娜‧鄂蘭，德國思想家', '精裝 / 192頁 / 14.8 x 21 x 1.9 cm / 普通級 / 單色印刷 / 初版'),
('9789572642665', 110, 'SPY×FAMILY', 'SPY×FAMILY 間諜家家酒 2', NULL, '遠藤達哉', '陳姿君', '東立', '2020-04-29', '繁體中文', '漫畫', '\r\n為了執行任務、守護東國和西國之間的和平，佛傑一家挑戰名校入學考試。但是若要接近目標戴斯蒙德，\r\n安妮亞必須成為獎學生才行！於是黃昏展開了「好朋友大作戰」。但是…？', '平裝 / 11.3 x 17 cm / 普通級 / 單色印刷 / 初版'),
('9789573333982', 350, '生命中不能承受之輕', '生命中不能承受之輕', 'Nesnesitelná lehkost bytí', 'Milan Kundera', '尉遲秀', '皇冠', '2018-10-15', '繁體中文', '文學', '\r\n這本書奠定了米蘭‧昆德拉作為\r\n世界上最偉大的在世作家的地位！\r\n\r\n　　文壇大師昆德拉最膾炙人口的代表作\r\n　　二十世紀最動人的小說\r\n　　此生必讀的文學經典\r\n\r\n　　★本書曾在華文世界掀起一股昆德拉熱潮，暢銷逾百萬冊！\r\n　　\r\n　　★全新版書封以昆德拉早期親手繪製的書中小狗「卡列寧」珍貴插畫做設計，並採用200g維納斯麗綺紙，書名燙藍，極具珍藏價值！\r\n\r\n　　★改編拍成電影「布拉格的春天」，由影帝丹尼爾戴路易斯、影后茱麗葉畢諾許主演！\r\n\r\n　　如果生命的每一秒鐘都得重複無數次，我們就會像耶穌基督釘在十字架上那樣，被釘在永恆之上。在永劫回歸的世界裡，每一個動作都負荷著讓人不能承受的重責大任，但在這片背景布幕上，我們的生命依然可以在它輝煌燦爛的輕盈之中展現出來。\r\n\r\n　　可「重」真是殘酷？而「輕」真是美麗？\r\n\r\n　　最沉重的負擔壓垮我們，讓我們屈服，把我們壓倒在地。可是在世世代代的愛情詩篇裡，女人渴望的卻是承受男性肉體的重擔。於是，最沉重的負擔同時也是最激越的生命實現的形象。負擔越沉重，我們的生命就越貼近地面，生命就越寫實也越真實。\r\n\r\n　　相反的，完全沒有負擔會讓人的存在變得比空氣還輕，會讓人的存在飛起，遠離地面，遠離人世的存在，變得只是似真非真，一切動作都變得自由自在，卻又無足輕重。\r\n\r\n　　那麼，我們該選哪一個呢？重，還是輕？\r\n\r\n　　《生命中不能承受之輕》以「布拉格之春」為背景，蘇聯軍隊入侵捷克後，知識分子逃往海外。昆德拉透過一男兩女交織的愛情故事，帶出了對政治、文化、人類生命的省思與嘲諷。\r\n\r\n　　托馬斯和特麗莎的愛情是「重」，特麗莎不惜用盡全身全靈去愛托馬斯，她不願愛情僅限一夜，而渴望日日夜夜，但這樣的重卻反而成為托馬斯的負擔。\r\n\r\n　　托馬斯和薩賓娜的關係則是「輕」，他們只願片刻歡愉，不願永世承諾。但當薩賓娜選擇離開愛情、離開祖國，一身輕盈卻也是一片空無，成為不能承受的生命之輕。\r\n\r\n　　由此看來，誰還能說「重」即是殘酷，而「輕」則是美麗？我們又該如何抉擇？昆德拉藉由故事、夢境、散文、詩歌、歷史，以音樂般的旋律變化呈現出一齣糅合了甜美、憂傷與殘酷的生命鬧劇，也讓「輕」與「重」的辯證成為昆德拉小說中永恆的命題。\r\n\r\n各界好評\r\n\r\n　　成功地展現出勝於嘲諷的智慧與超越絕望的希望！——時代雜誌\r\n\r\n　　令人驚異的是，一本與其時代背景如此緊密連結的作品，在二十年後卻依然沒有過時。僅管自從1984年以來，整個世界，特別是所謂的東歐地區，歷經了重大的改變，但是昆德拉的小說在今日讀來，卻依然和它首次出版時一樣深入人心！——衛報\r\n\r\n　　一部眼界開闊又複雜細緻的作品，交織著政治與哲思、肉慾和靈性、趣味和深度……當今寫作男女之間多樣關係的作者中，沒有人比得上昆德拉的智慧觀察。——華爾街日報\r\n\r\n　　《生命中不能承受之輕》是一部愛情故事，也是一本概念小說……機智、誘人、嚴肅……充滿情感，對於性愛與政治之間巧妙的交互作用有極為嫺熟的描述。——華盛頓郵報\r\n\r\n　　托馬斯與特麗莎是這本小說的兩極。我們應該選擇背負特麗莎過去肩上的重擔，她即使在「布拉格之春」發生後離開，也永遠無法捨棄捷克斯洛伐克，一如無法離開讓她飽嚐嫉妒的丈夫托馬斯，而嫉妒，或許正是讓她永遠無法滿足的原因?薩賓娜可以理解風流醫生探索女性，宛如用手術刀仔細研究物品，而我們又否該選擇托馬斯與薩賓娜體現的生命之輕？我們並不知道何種是最能讓人承受的方式，而這本小說提供了不同角色的面貌，連狗兒卡列寧都是其中一章的主題。這場無常的芭蕾混合了虛幻，以辯證形式的質問，在深思熟慮與帶有詩意的混亂中做出結論，輕與重，兩者同樣令人難以承受，也無法出自於真實的決定。——【書評家】薩娜‧唐-李歐珀‧沃蝶斯', '平裝 / 376頁 / 14.8 x 21 x 1.88 cm / 普通級 / 單色印刷 / 初版'),
('9789576637872', 380, '健康食品推薦指南', '健康食品推薦指南：聰明選、輕鬆買，教你怎樣吃出真健康', NULL, '蕭乃文', NULL, '文經社', '2020-08-25', '繁體中文', '醫療、健康', '如果每個月只要1000元，甚至0元，就能達成：\r\n調節血脂、不易形成體脂肪、\r\n調節血糖、胃腸功能改善、\r\n輔助調整過敏體質、免疫調節……等\r\n有國家級掛保證的功效，你願意嘗試嗎？\r\n\r\n　　女性最在意的延緩衰老健康食品每天只要50元，你相信嗎？還有、還有，怕胖朋友最想要的不易形成體脂肪每天只要5元、調節血脂每天只要3元、爆肝族常用的護肝功能每天只要20元、調節血糖每天只要14元、輔助調整過敏體質每天只要10元、改善胃腸功能每天只要10元、輔助調節血壓每天只要50元、………\r\n\r\n　　這些都不是在騙人！\r\n\r\n　　你還在吃那些貴森森的保健食品嗎？你有檢查過自己食用的保健食品有「小綠人」標章嗎？\r\n　　其實，台灣坊間有上萬種的保健產品，卻不到10%的464項產品，是真正有通過政府檢驗合核，發予健康食品標章「小綠人」。\r\n\r\n　　沒有國家檢驗認證的保健食品，你真能安心吃下肚？？而且別忘了，大部分都很貴！\r\n　　健康食品該怎麼挑、怎麼選，一本書說清楚！\r\n　　讓你用最平價的價格、最高的CP值，\r\n　　買到絕對有政府核可、認證的健康食品！\r\n\r\n名人推薦\r\n\r\n　　此書為文邏輯觀念務實，且執行容易，對於健康食品認證的普及推廣，具有深入廣大群眾的效應。－台灣保健食品學會理事長 龔瑞林\r\n \r\n　　相信讀者只要用心細細研讀本書，未來即使放下書、站在產品架前也不會再一頭霧水、輕易被推銷話術混淆。更懂得妥善選擇健康食品、吃出真健康。－資深醫藥記者 洪素卿\r\n \r\n　　如果你也想要以高CP值得方式來為自己的健康加分，推薦大家可以將此書當作入門的指南，幫自己挑選出最合適的健康食品吧！－生技營養師 陳嫚羚 \r\n \r\n　　本書最重要的其實是對健康食品觀念的建立，包括：健康食品的定義、認知，以及功效研究……等，作者都一再為讀者打開腦洞，像是：「健康食品不是藥，無法速效」、「健康食品只是輔助，並沒有療效」、「不是所有天然的食品或成分，就是安全無虞」等，希望讀者一定要謹記在心，這也是正確看待健康食品的重要觀念。－食力foodNEXT創辦人暨總編輯 童儀展先生', '平裝 / 224頁 / 14.8 x 21 x 1.4 cm / 普通級 / 部份全彩 / 初版'),
('9789578787872', 360, '在回憶消逝之前', '在回憶消逝之前', '思い出が消えないうちに', '川口俊和', '丁世佳', '悅知文化', '2019-02-01', '繁體中文', '文學', '　  \r\n    2017誠品年度暢銷總榜TOP5\r\n    2018誠品年度暢銷總榜TOP9\r\n    2017博客來年度暢銷總榜TOP29\r\n    2018博客來年度暢銷總榜TOP50\r\n    2017金石堂年度暢銷總榜TOP24\r\n    2018金石堂年度暢銷總榜TOP91\r\n\r\n　　日本銷售突破120萬冊 ，本屋賞入圍作品\r\n　　2018改編電影《在咖啡冷掉之前》系列之最新作品！\r\n\r\n　　「過去的悔恨、現在的徬徨、未來的嚮往，只到咖啡冷卻為止！」\r\n\r\n　　必須傳達的思念，\r\n　　以及無論如何都想問的話語。\r\n\r\n　　如果再也沒有明天的話，\r\n　　什麼樣的回憶，是不可被抹滅的呢？\r\n\r\n　　雖然改變不了過去，未來也不可知，\r\n　　仍有現在能做的事情，以及想傳達的心意。\r\n\r\n　　某個城鎮裡，某家咖啡店的某個座位上，有著不可思議的都市傳說。\r\n　　據說，只要坐上那個座位，就能移動到任何你想回去的時間點。\r\n\r\n　　但是，來回時空是有代價的，也有著非常麻煩的規則……\r\n　　而且無論如何努力，也不能改變現實。\r\n\r\n　　在北海道的函館，也有一家能穿梭時空的咖啡店，\r\n　　神秘的店長留下了100個問題與明信片，\r\n　　牽引著四位為了使塵封已久的回憶，再一次閃閃發亮，\r\n　　而來到這間能回到過去的咖啡店。\r\n　　到底是什麼樣的回憶，是他們無論如何都想尋回的呢？\r\n\r\n　　《在謊言拆穿之前》八年後的故事！\r\n\r\n讀者好評\r\n\r\n　　【讀者好評不斷！熱烈大回響！】\r\n　　■「延續前二作的世界觀，雖然一樣溫馨且平易近人，卻也因為場景轉換到北海道，並賦予了全新角色，閱讀時有一種嶄新的感覺。」（38歲，女性）\r\n　　■「過去與未來的交錯，讓人不由自主地想一一解開層層謎之紗，而解開的同時也觸動了心靈。」（45歲，男性）\r\n　　■「情感深刻細膩，讓人輕易就帶入情緒，內心十分悸動。」（25歲，女性）\r\n　　■「總是在想，如果人生可以再來一次的話……。但，人活著一定是為了變得幸福，所以我相信，我一定也是如此。」（60歲，男性）\r\n　　■「作者所營造出的氛圍，糾痛了心。我想，我找到了自己存在的意義。」（34歲，男性）\r\n　　■「書中的明信片及一百個問題的貫穿整個故事，很值得細細思考。」（30歲，女性）', '平裝 / 432頁 / 12.5 x 19.5 x 2.16 cm / 普通級 / 單色印刷 / 初版'),
('9789579199742', 450, '北歐極光旅行', '北歐極光旅行：芬蘭、瑞典、挪威，自助規劃 X人氣景點X極地活動，此生必去夢想旅程超完整規劃！', NULL, '辛翠芸', NULL, 'PCuSER電腦人文化', '2019-12-14', '繁體中文', '旅遊', '芬蘭、瑞典、挪威， 世界上最適合追極光的地區！\r\n\r\n拜訪聖誕老人的故鄉、跨越北極圈、體驗驚奇冰上活動、奔向森林追極光…\r\n乘坐馴鹿雪橇、世界最美健行路徑、不凍港峽灣風光、搭纜車登頂看極光…\r\n沿著北緯66.5度出發極圈探險，踏上國家地理雜誌推薦全世界最棒的6個追極光地點，面對嚴峻的極地生活，感受原住民薩米風情，探索悠久的歐洲文化，體驗有趣的北歐創意，在多采多姿的地貌中等待極光女神的幸運降臨！\r\n\r\n一輩子至少要追尋一次的極光夢！\r\n★世界上最適合追極光的3個國家X北極圈最棒的6個極光小鎮！\r\n★43個必玩的極圈活動X12種最佳欣賞極光的方式X首都推薦一日遊全提案！\r\n★超詳盡的交通指南X極地旅遊須知X行前準備X QRCODE即查即用更輕鬆！\r\n\r\n●北歐極光指南X追極光省錢攻略\r\n→極光何時出現？欣賞極光什麼時間最好？在哪裡追極光？看極光的條件、世界最棒的極光點…一次全收錄！\r\n→如何善用有限的假期，如何計劃最省錢，追極光並沒有想像中昂貴！\r\n●行前step by step！準備出發奔向極光\r\n選目標→訂機票→找住宿→排交通→做準備\r\n北歐極圈探險，要決定哪一國？哪個城鎮？是不是要在首都觀光？機票、住宿、交通、衣物、旅行裝備、追極光必備…完全解析！\r\n●前進最棒的極光小鎮X必體驗的極圈活動\r\n→6個極光小鎮：芬蘭－羅瓦涅米、伊納利；瑞典－基魯納、阿比斯庫；挪威：特羅姆瑟、納爾維克\r\n→43個一定要體驗的極圈活動\r\n芬蘭：聖誕老人村、麋鹿牧場、冰釣、冰上漂浮、坐馴鹿雪橇、桑拿浴…\r\n瑞典：冰旅館、狗拉雪橇看極光、攀登冰瀑、雪地摩托車越野、最美健行路徑…\r\n挪威：搭纜車賞峽灣、搭渡輪遊峽灣、冰洋生物、森林極光SPA、魚市場吃魚舌…\r\n\r\n●看完極光來趟小旅行！北歐城市在地漫遊\r\n飛航必經的3個北歐首都：赫爾辛基、斯德哥爾摩、奧斯陸，追極光之旅若保留一兩天來好好探索首都絕對值回票價！\r\n→探索悠久典雅的歐洲歷史、文化\r\n→「一日路線」建議行程：電車/渡輪/單車/散步漫遊\r\n→當地人推薦好吃好買\r\n\r\n本書特點：\r\n★追逐極光指南：判斷極光出現時機及位置、讀懂觀測指數、衣物裝備推薦、相機拍攝教學\r\n★極地自助攻略：選目標→訂機票→找住宿→排交通→做準備，前進北歐不難！\r\n★購買機票解析：航空選擇、轉機安排、進行比價、自助check in、入境通關\r\n★最佳交通路線：從機場到市區、到極光重鎮的交通、實用票卡、漫遊方式\r\n★最棒極光小鎮：芬蘭－羅瓦涅米、伊納利；瑞典－基魯納、阿比斯庫；挪威－特羅姆瑟、納爾維克\r\n★體驗極圈活動：冰上漂浮、狗拉雪橇、攀登冰瀑、玻璃屋、雪地越野、薩米文化、森林極光SPA、桑拿浴…\r\n★超多景點全覽：聖誕老人村、北極中心、馴鹿牧場、百年木教堂、阿比斯庫國家公園、北極大教堂、極地博物館、水族館、魚市場…\r\n★首都一日行程：中央車站、老城區、博物館、市區散步、海港巡禮自遊路線\r\n★特色住宿選擇：冰旅館、薩米帳篷、森林小木屋、滑雪渡假村、北極穹頂\r\n★推薦必吃美食：馴鹿菲力排、北極白魚、醃鯡魚、瑞典肉丸、鯨魚肉、魚子醬、肉桂捲…', '平裝 / 288頁 / 23 x 17 x 1.7 cm / 普通級 / 全彩印刷'),
('9789861336503', 440, '風之影', '風之影【遺忘書之墓系列】', 'La Sombra del Viento', 'Carlos Ruiz Zafón', '范湲', '圓神', '2018-04-01', '繁體中文', '文學', '\r\n艾瑪華森、湯姆漢克、史蒂芬金深愛的小說\r\n狂銷30,000,000冊的國際文壇颶風\r\n一生必讀的西班牙文學\r\n引爆巴塞隆納小說景點朝聖之旅\r\n \r\n生命中總有這樣一本深刻的書——\r\n無論後來讀了再多，我們遲早都會回來找它。\r\n \r\n每一本書，都是有靈魂的。\r\n那是創作者的靈魂，\r\n也是曾經讀過這本書，與它一起生活的人留下來的靈魂。\r\n \r\n　　少年達尼在「遺忘書之墓」偶然找到一本胡立安．卡拉斯的小說《風之影》，讀了之後深為著迷，於是開始尋找作者的其他作品，卻發現小說中虛構的惡魔竟現身巴塞隆納街頭，到處搜索、焚毀胡立安的著作。\r\n \r\n　　一場單純的文學尋根之旅，意外開啟了通往巴塞隆納黑暗過去的大門。當神祕作者胡立安的輪廓一點一滴浮現，達尼的人生逐漸和他產生重疊，並將身邊的人全都捲入死亡與殺戮的陰影……\r\n\r\n一段因追索書中潛藏的靈魂而展開的傳奇旅程。 \r\n在巴塞隆納的光與影中，人性、愛欲、仇恨重重交疊，飄蕩如風中的幻影。\r\n \r\n◆全球銷售與獲獎紀錄  \r\n‧「遺忘書之墓」系列小說於全球五十多國出版，總銷量破三千萬冊\r\n‧西班牙出版協會年度最暢銷小說\r\n‧法國年度最佳外國小說 \r\n‧美國Borders書店「原聲文學獎」 \r\n‧金石堂書店年度十大影響力好書\r\n‧台灣高中職百校師長年度推薦「老師說這本小說超好看」\r\n‧獨立推理書商協會「黛莉絲獎」年度最佳推理小說提名 \r\n‧葡萄牙Premio Correntes d’Escritas文學獎\r\n‧美國邦諾書店「發現新人」大獎\r\n‧英國《週日獨立報》年度選書\r\n‧《致命快感》推理雜誌「巴瑞獎」年度最佳首作 \r\n‧《Mystery Ink》推理雜誌年度十大犯罪小說 \r\n \r\n◆翻開《風之影》，你就踏入了一座神祕迷宮的入口，準備動身尋覓「遺忘書之墓」：\r\n　　你在這裡看到的每一本書，都是有靈魂的。不但是作者的靈魂，也是曾經讀過這本書，與它一起生活、一起夢想的人留下來的靈魂。每一本書，每一次換手接受新的目光凝視書中的每一頁，它的靈魂就成長了一次，也茁壯了一次……當一座圖書館消失的時候，當一家書店結束營業，當一本書迷失在遺忘的長河裡，我們確信，那些書一定會在遺忘書之墓找到安身之處。\r\n \r\n◆「遺忘書之墓」系列創作概念\r\n \r\n「故事從來就沒有開頭，也沒有結束，只有進入其中的入口。」——《靈魂迷宮》\r\n \r\n　　在「遺忘書之墓」的文學世界裡，《風之影》《靈魂迷宮》《天使遊戲》《天空的囚徒》四個故事交織搬演，但每部小說自成完整且獨立的單一作品，沒有既定的閱讀順序或門檻。\r\n \r\n　　這四本書，有如一座文學迷宮的四個入口，無論從哪一個入口開始探索，都能抵達故事的核心「遺忘書之墓」。四書相互串連的角色、情節與議題，有如迷宮中驚喜的岔路，也像俄羅斯娃娃，每個故事裡總是還有更精采的細微線索，一個主題逐漸發展成一千個故事，令人目眩神迷。\r\n \r\n◆「遺忘書之墓」系列最新入口\r\n《靈魂迷宮》2018年7月出版\r\n \r\n◆國際書評推崇\r\n \r\n　　《風之影》是一部醒目耀眼、聲勢驚人的作品，弦外之音裡另有弦外之音，讀起來真的很過癮！有了這麼一本精采的小說，誰還需要看電視？——史蒂芬．金 \r\n \r\n　　寫書評二十餘載，這是頭一次用如此誇張的讚美來形容一本書，但我實在忍不住要說：《風之影》真是說故事技藝的極致呈現，我無論如何都放不下這本書，它令人目眩神迷、嘴角上揚，卻也為之心碎，這本小說將改變你的一生。——英國《每日電訊報》\r\n \r\n　　薩豐真不愧曾是創作電影劇本的能手，他筆下的故事高潮迭起，節奏一氣呵成，五百多頁的文字轉瞬飛過，讀來幾乎忘了時間的流逝。——英國《週日電訊報》\r\n \r\n　　薩豐相信文學是人生中最重要的事，而他的信念貫徹在《風之影》整部作品中。跟著他的文字走進巴塞隆納的大街小巷，你將在不經意處瞥見，來自過往的暗影與藏於今日的祕密，都悄悄刻印在這座城市的建築紋理與人們的生活裡。——英國《衛報》\r\n \r\n　　我讀過最好看的小說之一……讓人廢寢忘食，讀到最後一頁才會心甘情願把書闔上。——德國前外交部長費雪 \r\n \r\n　　有如馬奎斯、安伯托．艾可和波赫士攜手演出一場精采絕倫的魔術秀，令人目不暇給。——美國《紐約時報》 \r\n \r\n　　《風之影》是一部令人眩惑的小說，讓愛書的讀者深深著迷。跟著書中人物歷險吧！或許你會開始思考：將來應該也要留本好書給後代子孫！——美國《時代雜誌》 \r\n \r\n　　如果你喜歡拜雅特的《迷情書蹤》；如果你喜歡馬奎斯的《百年孤寂》；如果你喜歡波赫士的短篇小說；如果你喜歡安伯托．艾可的《玫瑰的名字》；如果你喜歡保羅．奧斯特的《紐約》三部曲；或許你也喜歡雨果的《鐘樓怪人》……那麼，你一定會喜歡《風之影》，實在太精采了！——美國《華盛頓郵報》 \r\n \r\n　　終於有一本書可以證明，捧讀好看的大部頭小說是件多麼美妙的事。——美國《費城詢問報》 \r\n \r\n◆國內愛書人好評\r\n林懷民、詹宏志、蔡智恆、ZOE、吳若權、李立亨、喻小敏、鄭華娟、李崗……傾心推薦\r\n \r\n　　因為《達文西密碼》，我們接觸到中世紀繪畫奧妙的蛛絲馬跡；因為《風之影》，我們在巴塞隆納的霧與陽光之中，和一個愛書人一起因書而走上探索愛情和友情的旅程。——李立亨（作家、導演）\r\n \r\n　　我們都曾經是這本小說中的男孩達尼，為一本書癡狂，進而追索其身世；但我們從來不知道，一旦開始了這場探索，我們也把自己寫進書裡面，捲進更多數不清的故事裡，因為這裡、那裡，到處都是引人入勝的線索。《風之影》就是這樣一本令人瞠目結舌的書，引領我們進入閱讀的奇幻境界，有如掉入萬花筒。閱讀有多麼美妙，這本書說了算！——喻小敏（出版人） \r\n \r\n　　從第一頁就教人欲罷不能，差點讓我錯過該去電台主持現場節目的時間。我相信，每一本書裡，都藏著一個深刻的靈魂。翻閱《風之影》的扉頁，就像陣陣涼風掀起人性交錯的疊影，書中有書、影中有影，一步一步帶領讀者發現自己內心深處的靈魂。——吳若權\r\n \r\n　　范湲的精采翻譯，就像一首樂曲透過技藝精湛的演奏者，以觀眾能了解的語言，當面詮釋了一遍給我們欣賞，因為有這樣的譯者，好的作品得以流傳。「閱讀，可以讓生命更有張力」，希望您也一起體會這份強烈的感受。——ZOE（作家、台北愛樂電台主持人） \r\n\r\n　　小鎮書店中銷售超快的書之一。我買回德文版想看，卻半途被婆婆將書截走……真是本迷人的書呀！婆媳一同愛不釋手推薦中！——鄭華娟 ', '平裝 / 528頁 / 15 x 21 x 2.64 cm / 普通級 / 單色印刷 / 初版'),
('9789861784281', 380, '我是貓', '我是貓', '吾輩は猫である', '夏目漱石', '葉廷昭', '好讀', '2017-12-01', '繁體中文', '文學', '\r\n日本文豪、國民大作家 夏目漱石\r\n長篇小說代表作——《我是貓》全新譯本\r\n\r\n　　輕鬆、詼諧、讓人愛不釋手\r\n　　夏目漱石用貓視角觀察人類寫成的經典之作\r\n\r\n　　這是一隻在文人家裡耳濡目染，擅長出口成章、引經據典的貓……\r\n　　這是一隻能輕易看破人心，嘲笑世人醜態舉止的貓……\r\n　　這是一隻愛打抱不平、有正義感，卻從未學會捉老鼠的貓……\r\n\r\n　　在貓的眼中，人是什麼樣子？人的行為在貓眼裡有多難以理解？\r\n　　本書用一位窮教師家的貓為主人公，以這隻被擬人化的貓視角來觀察人類的生活與心理。\r\n\r\n　　讀來處處幽默趣味，娛樂性十足，讓人不時為之一笑。但字裡行間又帶有諷諭意味，讓我們不禁反思自己是否也作出了許多不可理解的荒謬行為。\r\n\r\n　　★台大日文系教授／范淑文，專文賞析\r\n　　「作者在全篇中對當時之社會現象、明治時期近代化矛盾等做了深刻批判，但因透過以上特殊之創作手法，營造出作品充滿詼諧，卻不至低俗的效果，引起讀者共鳴，大快人心，所以至今這部作品仍深受日本國民喜愛，百讀不厭。」', '平裝 / 424頁 / 14.8 x 21 x 2.12 cm / 普通級 / 單色印刷 / 初版'),
('9789862131039', 220, '過於喧囂的孤獨', '過於喧囂的孤獨', 'Příliš hlučná samota', 'Bohumil Hrabal', '楊樂雲', '大塊文化', '2016-10-24', '繁體中文', '文學', '\r\n「我之所以活著，就為了寫這本書。」——赫拉巴爾\r\n \r\n　　1954到1958年之間，赫拉巴爾曾於布拉格一處廢紙回收站當了四年打包工。據他自己說，他到這裡工作之後不久，便產生了寫這部小說的想法，這個想法在他腦海裡醞釀了二十年之久。廢紙回收站的四年生活給他的感受如此之深，使他一直沒有放棄這個題材，而是不斷地加以補充，反覆進行深刻思考。\r\n \r\n　　故事主角是在廢紙回收站工作了三十五年的打包工漢嘉，他把珍貴的書從廢紙堆中挑出來，藏在家裡、藏在腦裡，他狂飲啤酒、啃噬著書本裡的思想和詞句，他從一無所知的青年變成滿腹詩書的老人。韓波的詩文、老子的《道德經》、萊布尼茨的情史，都是他信手拈來的記憶，而康德的話語是他感傷喃喃的聲音。\r\n \r\n　　這是一個愛情故事——老打包工漢嘉和他經歷過的情人，他的工作，他的時代，還有他當作廢紙打包的書，以及他的生命。\r\n \r\n　　他打開他珍愛的書籍，翻到最動人的一段，放在層層疊疊的廢紙中間，外頭再裹上一幅複製的名畫。儘管擺放壓力機的地下室蒼蠅成群、老鼠橫行，這潮濕惡臭的地窖卻在他的遊戲裡，在他的微笑裡成為天堂。\r\n \r\n　　1972年，赫拉巴爾開始寫作本書，他曾三易其稿：先是詩，次是散文，完成時則為一部憂傷的敘事曲。第一稿他自稱是「一部阿波里奈爾（Guillaume Apollinaire）式的詩稿」，因為他「把整個故事看成僅僅是抒情詩了」；第二稿改為散文，用的是布拉格口語，但他覺得缺乏嘲諷味，即我們在文中感受的黑色幽默。他認為主角是透過閱讀廢紙回收站的舊書而無意中成為文化人的粗工，用口語作獨白不合適，於是又改用「一絲不苟的嚴謹語言，捷克書面語」寫出了第三稿。這一稿讀來猶如一部憂傷的敘事曲，他滿意地說：「直到現在這個故事才是動人的。」到了1976年，本書終於完稿，但當時無法問世，只得放在抽屜裡。直到1989年底才由捷克斯洛伐克作家出版社正式出版。', '平裝 / 148頁 / 14 x 20 x 0.74 cm / 普通級 / 單色印刷 / 初版'),
('9789862271575', 350, '長日將盡', '長日將盡', 'THE REMAINS OF THE DAY', '石黑一雄', '張淑貞', '新雨', '2015-04-15', '繁體中文', '文學', '\r\n「以哀而不傷的筆觸，平實卻又奇崛，把世界帶到讀者面前……\r\n於此，石黑一雄深入我心，\r\n正如一首夜曲，又不止是一首夜曲。」──吳明益\r\n \r\n　　剃刀邊緣的感性  帝國的沒落輓歌\r\n　　1989年布克獎獲獎作品  \r\n\r\n　　一九五六年夏，上了年紀的宅邸總管史帝文斯駕車展開一趟為期六日的休假旅程，他探訪故友，憑弔過往；走訪英國最美麗的鄉間風光，也深入自己心中迷霧蔽日的往事……\r\n\r\n　　身為一絲不苟的「完美總管」，史帝文斯侍事一家豪門三十餘載，不惜為尊嚴與忠誠付出一切；經歷兩次大戰，見證歲月偷換、人事移徙。他沉湎詼諧的冥想與記憶，反覆確認後又重拾猶疑，熱衷自我法庭上的詰問與申辯。如逝去時代的遺民，戀戀不捨舊日的美好與輝煌，即使賦予他生命意義的世界已不復存，他仍耽溺往昔的虛幻風景。\r\n\r\n　　回憶是迷失的跫音，在時光長廊上終日遊蕩。除了回憶，他一無所依。他渴望聆聽當下，回憶卻時時撥擾弦外之音……迷亂往事，近乎昏盲。恰如石黑一雄對自己筆下人物的評價：「他們表現了一種殊死的勇氣，儘管他們目睹自己耗費了生命的大部分時間，只為了做徒勞的事，他們仍甘願繼續下去。我敬佩他們，他們能深刻自我理解。問題是，生命消逝得太快。」\r\n\r\n本書特色    \r\n\r\n　　◎石黑一雄獲布克獎經典作品。\r\n　　◎收錄吳明益專文推薦&宋國誠導讀。\r\n　　◎隨書附贈「長日風景卡」。\r\n   \r\n好評推薦\r\n\r\n　　本書是石黑一雄繼《浮世畫家》後的第三本力作。史帝文斯是一位上了歲數的總管，服侍達令頓爵爺三十年時光，他回憶過去，重新面對生命中的重要事件，不知不覺間，其嚴謹且壓抑的情感逐漸鬆動。史帝文斯待人淡漠而含蓄，自命不凡且缺乏幽默，他將一生奉獻給他認定的工作職責，希望藉全然的無私奉獻、冷酷地壓抑自我情感而登上職涯的高峰。對他而言，堅忍克己是一種美德，他對自己在父親過世之際泰然自若的表現感到自豪，也相信在面對情感磅礡的女管家時，自己的處理是最「正確」的選擇。石黑一雄對於史帝文斯的個性塑造細微精準、恰到好處，製造出反諷的效果，使主角不經意流露出一種令人悲憫的自欺。作者在令人沉痛不已的結局裡也描述了主角遲來的覺醒，史帝文斯感嘆自己浪費了一生，盲目為愚癡的主人服務，也始終不能曉悟「人情交誼」。──《出版者週刊》\r\n\r\n　　這部小說的敘事者是完美無缺的英國總管史帝文斯。他試圖在幾近妙不可喻的工作領域裡自我貶抑，藉此為狹隘的生命經驗賦予某種形式與意義。史帝文斯的職涯歷經了第二次世界大戰，卻終未察覺周遭的生活原貌──好比，他那位貴族主人顯然同情納粹，但他渾然未覺。這部精準又悲傷的小說尚有更加懸人心念的情節──究竟，史帝文斯能否在其極度壓抑的生存方式中，容許些許積極的生命情意？──亞馬遜網路書評\r\n\r\n　　藝術大師之作……展現令人驚艷的膽量與自信。──《紐約書評》\r\n\r\n　　一個既優美又殘酷的故事。──小說家／薩爾曼．魯西迪（Salman Rushdie）\r\n\r\n　　一位大藝匠家。──詩人&小說家／瑪格麗特．愛特伍（Margaret Atwood），《石板雜誌》（Margaret Atwood, Slate）\r\n\r\n　　整個世代中最傑出且最有原創性的作家。──劇作家／蘇珊‧希爾（Susan Hill），英國《星期日郵報》（Mail on Sunday）\r\n\r\n　　真是一部完美的小說。我根本捨不得放下。──小說家／安‧碧亞提（Ann Beattie）\r\n\r\n　　巧妙的敘述與完美無瑕的語調控制……來自這位卓越的小說家。──小說家／茱利安．巴恩斯（Julian Barnes）\r\n\r\n　　劇情描述一位完美的英國總管及他對英國戰後的衰退與保守的反應，具悲劇色彩且有豐富的心靈內涵。真是精彩絕倫的一本書。──網站書評（Inside Flap）\r\n\r\n　　不世出的傑作……令人信服且完整的勾勒細節，一個人的生命旅程在讀者眼前抽絲剝繭，別出心裁且引人入勝，時而逗趣，時而愚昧，終究感人至深。──《週日時報》\r\n\r\n　　石黑一雄的上乘之作：攸關人的存在、階級與文化等提旨的諷刺喜劇，引人入勝，魔法般轉化為細膩深刻且揪心的動人敘事。情節交錯、教人讚歎……石黑一雄是具獨創性且卓越的天才。──《紐約時報》\r\n\r\n　　故事巧妙、震憾人心。──《新聞周刊》\r\n\r\n　　聰明、優雅，一部體貼、細膩的傑作。──《衛報》', '平裝 / 352頁 / 32k / 13 x 19 x 1.76 cm / 普通級 / 單色印刷 / 初版'),
('9789862354834', 460, '投資金律', '投資金律：建立獲利投資組合的四大關鍵和十四個關卡', 'The Four Pillars of Investing：Lessons for Building a Winning Portfolio', 'William Bernstein', '黃逸華, 陳儀', '臉譜', '2016-01-28', '繁體中文', '財經、商業', '\r\n\"美國最大共同基金公司先鋒集團創辦人、指數化投資教父約翰．伯格（John C. Bogle）力薦\r\n亞馬遜書店理財暢銷榜十四年長踞不墜，備受讚譽的投資學必讀經典\r\n深度剖析投資四大支柱－－「理論」、「歷史」、「心理學」、「投資產業」\r\n想在動盪時代成功捍衛個人財富？你不可不讀！\r\n\r\n　　一本每位投資人都需要的投資書籍。                                  ——綠角\r\n\r\n\r\n　　「讀者朋友，假如您看到這行字，代表您已經拿起了投資界最知名的傑作之一。不要放下，仔細把它看完。過一陣子，再把它看一次。你將發現買這本書的錢和閱讀它的時間，將是你最值得的投資。這本書將讓你對投資有深刻的了解，走上正確的道路，避免日後閱讀無用書籍與投資無用工具的浪費。」－－【財經作家、「綠角財經筆記」站長　綠角　專文導讀】\r\n\r\n　　威廉．伯恩斯坦，一位在專業上受人景仰的醫生，在投資領域他更是受人尊重的智者。投資失利後，他勇敢面對積極研究，發揮行醫最高精神，以過人的智慧為投資大眾找出失利的病因與成功的方法。他獨到的見解，獲得投資泰斗先鋒集團創辦人約翰．博格爾及《商業周刊》等專業媒體的讚譽，他的第一本書《智慧型資產配置》到現在都還是廣受尊崇的一本投資書。\r\n\r\n　　◤一本能幫助投資者真正獲利，所有券商、投信、財經記者卻都不希望你看的理財書◢\r\n\r\n　　如今，伯恩斯坦更進一步提供真實生活中的投資案例，寫成了《投資金律》分享讀者，帶你從投資時的各個面向理解投資行為。在書中，伯恩斯坦以循序漸進的十四堂課，精彩剖析每位投資人都該熟知的四大支柱，幫助你快速建立最正確的投資觀念，打造低風險且能真正獲利的投資組合。這四大支柱分別是：\r\n\r\n　　投資理論：風險與報酬的關係、如何看待貼現率與股價、預期長期股市報酬的「高登公式」、稅負問題、投資組合的奧祕……－－「千萬別以為高獲利還能夠無風險。」\r\n　　投資歷史：投資市場的歷史脈絡、經濟泡沫出現的四個必要條件、南海泡沫、經濟大恐慌、網路泡沫、股票之死……－－「幾乎每隔一段時間中，市場就要狂亂一次，如果毫無準備，你就注定失敗。」\r\n　　投資心理學：投資時最大的心理危險分子、與這些危險分子共處的策略－－「找出這個年代中廣為人接受的傳統智慧，並且假設它是錯的－－通常來說，它真的是錯的。」\r\n　　投資產業：金融產業三大支柱－－經紀商、共同基金、媒體的運作策略與目標，以及你該如何跟他們打交道－－「股票經紀人服務客戶的方式，跟鴛鴦大盜服務銀行的方式如出一轍。」\r\n\r\n　　◤《投資金律》帶你「精通投資關鍵知識」、「打造完整投資策略」、「獲致財務自由」◢\r\n\r\n　　讀畢本書，你將能全盤理解投資該具備的所有知識及工具，建立受用一生的正確投資觀念，打造低風險、能真正穩定獲利的長期策略。你會學到：\r\n\r\n　　如何將儲蓄、退休金、房地產等不同等級資產轉化為專屬最佳投資組合。\r\n　　為何「不同於大盤市場、積極挑選股票」的投資行為反倒容易失利？\r\n　　認識並排除情緒及心理狀態對決策的不利影響。\r\n　　看清整個金融業的實際運作狀況，為什麼證券業、基金業與媒體，非但不是你的投資夥伴，反而經常是你主要的競爭對手？\r\n\r\n　　投資是一趟沒有目的地的旅程，《投資金律》將告訴你如何建立投資組合，在長期投資中成功獲利。避免分心、堅持到底，你將確立你的財務方向和目標，為你和你的家人創造長期穩定的財富。\r\n\r\n【國外讚譽】\r\n\r\n　　「《投資金律》針對成功投資的流程，提供了強而有力的原則、歷史紀錄和理解。我會希望這是一本由我執筆的書。」——約翰．博格爾（John C. Bogle），指數化投資教父、美國最大共同基金公司先鋒集團（Vanguard Group）創辦人暨前董事長\r\n\r\n【國內理財專家力薦】\r\n\r\n　　「富朋友理財筆記」站長　艾爾文\r\n　　理財精算達人　怪老子\r\n　　《Money錢》雜誌顧問　林奇芬\r\n　　諾亞財富集團執行董事、天使投資人　章嘉玉\r\n　　財經作家　綠角\r\n　　價值投資暢銷書作家 雷浩斯\r\n\r\n　　「擁有穩定的投資策略，才會有穩定的長期報酬。本書作者提供可經佐證的歷史數據，難以察覺的投資心理盲點，以及系統化的資產配置法則，這些都有助於規劃投資流程與策略。透過理解這本書，可以避免陷入快速獲利的投資迷思，找到自己投資世界的穩健獲利守則。」——艾爾文，「富朋友理財筆記」站長\r\n\r\n　　「過去二十年來，投資市場經歷了二到三次的高峰與谷底，每次都應證作者所說的四大投資金律。顯示經濟環境與投資市場，有一定的運作法則，懂得掌握的人，才得以趨吉避凶永保安康。此時此刻閱讀此書，重新回顧歷史、檢親自己的理財缺失、擬定未來的理財策略，無疑是捍衛個人財富最聰明的選擇了。」——林奇芬，《Money錢》雜誌顧問\r\n\r\n　　「這是一本兼具理論基礎、前人經驗累積與實用價值的投資書。我很樂於看到臉譜以本書帶給投資人全新的投資價值，經由作者深入淺出的理論解說，兼備經驗性、故事性的引導，相信無論專業投資人、一般投資人都能在閱讀過程中，獲得啟發，並大有收獲。」──章嘉玉，諾亞財富集團執行董事、天使投資人\"', '平裝 / 408頁 / 25k正 / 14.8 x 21 x 2.04 cm / 普通級 / 單色印刷 / 初版'),
('9789863126850', 630, '新觀念 PHP8', '新觀念 PHP8+MySQL+AJAX 網頁程式範例教本(第六版)', '', '陳會安', '', '旗標', '2021-10-01', '繁體中文', '電腦、資訊', '不只學語法、學觀念，更能活用當紅技術打造後端應用。\r\n\r\n　　【零基礎快速上手】\r\n\r\n　　PHP 是業界應用最廣泛的後端技術，不過後端牽涉的技術很多，學習門檻較高。本書定位上是一本入門 PHP 網頁程式設計的學習教材，從頭解說 PHP 語法與網路應用運作流程，提供所有必備的基礎背景知識。除此之外，也採用最易安裝的 XAMPP 整合套件來打造開發環境，搭配業界主流的 Visual Studio Code 來編輯 PHP 程式，沒有經驗的小白也能輕鬆上手。\r\n\r\n　　【後端程式核心技法】\r\n\r\n　　使用MySQL擴充程式ext/mysqli存取MySQL資料庫來建立網頁資料庫，不只說明傳統PHP函數的寫法，更詳細說明物件導向的資料庫存取、使用Prepared Statement執行SQL指令和SQL結構化查詢語言。也會進一步說明HTML5+CSS3、jQuery函式庫的AJAX功能、JSON的應用、REST API設計，有效率撰寫出符合業界需求的後端應用。\r\n\r\n　　【主流框架開發實戰】\r\n\r\n　　網頁技術推陳出新，除了 PHP 的基本語法學習外，我們也希望讓您能將網頁程式設計融入於日常學習與工作上，因此本書也將運用主流的 Laravel 框架與 MVC 設計模式，設計出令人驚艷、符合業界需求的動態網站，結合另外兩個專案實戰，累積後端開發的實務經驗。\r\n\r\n本書特色\r\n\r\n　　● XAMPP整合套件和Visual Studio Code 編輯器\r\n　　● PHP 基本語法與流程控制\r\n　　● 表單、Cookie、Session等狀態管理\r\n　　● 伺服端檔案處理、上傳和電子郵件\r\n　　● MySQL 資料庫管理與SQL基本語法\r\n　　● PHP 物件導向和例外處理\r\n　　● AJAX、JSON和REST API\r\n　　● Laravel框架與 MVC 設計模式\r\n　　● 全書範例檔案和兩本電子書下載', '平裝 / 584頁 / 17 x 23 x 3.2 cm / 普通級 / 單色印刷 / 六版'),
('9789863593898', 250, '星塵', '星塵', 'Stardust', '尼爾．蓋曼', '蘇韻筑', '木馬文化', '2017-06-07', '繁體中文', '文學', '為了一個吻，還有牽手一生的誓約，\r\n他走進精靈仙境，尋找墜落的星星。\r\n\r\n　　寒夜孤星下，做一場奇異迷離的仙境之夢――\r\n\r\n　　這個故事如同許多故事一樣，得從牆說起。\r\n\r\n　　石牆鎮東邊有一道高大的灰色石牆，隔開了萬物如實的人界，和迷幻如夢的精靈仙境。只有在每九年一次的市集上，鎮民才能通過閘口、踏足仙境。\r\n\r\n　　為了贏取戀人的心，崔斯坦•宋恩決定將墜落的流星帶回石牆鎮，獻給心上人。他一路追著星星的腳步，進入精靈仙境，卻發現「星星」不是什麼發光的石頭，而是一個渾身灑落星塵的女孩。崔斯坦想帶她回到石牆鎮，卻在路上遇到諸多阻礙，不僅差點困在食人的森林中，還發現想要星星的不只他一人――可怕的紅袍魔女為了恢復青春，必須吃下星星的心臟，因此一路追著兩人不放；為了奪得爵位殺死所有手足的勳爵也在此行列，因為星星擁有能證明他合法繼承權的信物。崔斯坦和星星一路逃亡，但他真能穿越重重困難、將星星帶回石牆鎮獻給自己的戀人嗎？\r\n\r\n　　我能藉著燭光到那裡嗎？\r\n　　能，而且去了又回來，\r\n　　能，如果你的腳步輕盈靈敏，\r\n　　你就能藉著燭光到那裡。\r\n\r\n　　尼爾蓋曼作品，2017經典重啟\r\n　　《美國眾神》（American Gods）2017年5月\r\n　　《蜘蛛男孩》（Anansi Boys）2017年5月（原書名：阿南西之子）\r\n　　《無有鄉》（Neverwhere）2017年6月\r\n　　《星塵》（Stardust）2017年6月\r\n　　《好預兆》（Good Omens）2017年7月\r\n　　《北歐眾神》（Norse Mythology）2017年7月\r\n　　《尼爾蓋曼演說集》（The View from the Cheap Seats）2017年10月\r\n\r\n得獎記錄\r\n\r\n　　1999年創神文學獎\r\n　　1999軌跡獎提名\r\n　　2000年美國圖書館協會艾力克斯獎\r\n\r\n名人推薦\r\n\r\n　　蓋曼的《星塵》，是給大人的童話故事。――Amazon讀者RDD\r\n\r\n　　當你開始讀這本書，就像音樂從你的電子閱讀器、手機或是紙本書中流洩出來。不要太驚訝，這童話故事充滿詩意，如此完美，它的文字骨架與故事的靈魂搭配得天衣無縫。――Amazon讀者Kathryn Hoganon\r\n\r\n　　我們一直都需要美好的童話故事，而尼爾•蓋曼應允了我們。謝啦，蓋曼。――Amazon讀者J. Edgar Mihelic\r\n\r\n　　以簡單易懂的敘事方式，蓋曼又成功地說了個好故事。他的用字遣詞完美無瑕，而且讓我感覺到他身受托爾金影響――這跟這個故事的調性更搭了。――Amazon讀者Red Pineapple\r\n\r\n　　《星塵》是我好久以來都沒讀到、極富魔力的一本書。做為作者，蓋曼像來有著運用文字的天賦，而且次次精準。在讀這本書時，我一直覺得心中充滿暖意。這本書是那麼美好，具備了奇幻故事所有的元素。――Amazon讀者Chris Howard', '平裝 / 200頁 / 15 x 21 x 1 cm / 普通級 / 單色印刷 / 初版'),
('9789863595724', 499, '帕迪多街車站', '帕迪多街車站', 'Perdido Street Station', '柴納．米耶維', '劉曉樺', '木馬文化', '2018-09-29', '繁體中文', '文學', '　　柴納‧米耶維是近幾年來各個領域中最有趣、前景最看好的作家……\r\n　　他重新塑造了當代奇幻。\r\n　　――《風之影》作者 卡洛斯．魯依斯．薩豐\r\n\r\n　　這是一座搭建於屍骨和破磚上的骯髒城市，\r\n　　它結合工業與暴力的陰謀，是一片難以解讀的不毛之地。\r\n\r\n　　――是的，某處仍藏有夢想，\r\n　　但沒有路通往那個地方。\r\n \r\n得獎記錄\r\n\r\n　　Tor.com讀者票選2000~2010年最佳科奇幻小說第十名\r\n　　2001 英國奇幻協會最佳長篇小說\r\n　　2001 亞瑟．克拉克獎\r\n　　2001 Amazon.com 奇幻類別編輯選書\r\n　　2001 軌跡讀者票選最佳奇幻小說第4名\r\n　　2002 西班牙科幻獎\r\n　　2003 德國科幻庫特拉斯維茲獎\r\n　　2005 Imaginaire Award, Roman etranger (Win)\r\n\r\n　　孤僻而古怪的科學家以薩與戀人同居於新克洛布桑。當一名翅膀被活生生割斷的鳥人帶著鉅款找上門，希望以薩讓他再次飛行，以薩突然覺得頹廢無趣的生活又有趣了起來。他接下案子，開始埋頭氣體動力學和生物學、弄來所有能飛的生物解剖重組，甚至研讀古老而禁忌的魔法，嘗試以非物理性的方式翻轉地心引力――而一條流入黑市、意外來到以薩手中的蟲子，則在他髒亂無序的實驗室裡默默成長。以薩並不知道，這個生物將帶來毀天滅地的浩劫。\r\n\r\n　　毛蟲樣貌妖異、色彩斑斕，以毒品「殘夢」為食。牠會對人類心智會造成嚴重影響。每回以薩餵牠，總會產生劇烈頭痛與幻覺。但他仍一意醉心研究，毫無危機意識，直到毛蟲羽化，兩片變幻莫測、瑰奇壯麗的蟲翅在他面前展開，以薩才理解自己催生了一頭怎樣的怪物……\r\n\r\n　　我們毫無勝算，\r\n　　就連惡魔也害怕我們要獵捕的對象――\r\n\r\n　　噩夢如瘟疫般爆發，籠罩整個新克洛布桑。\r\n　　魔蛾出發獵食；城市即將滅亡……\r\n\r\n　　編輯筆記\r\n　　在柴納．米耶維筆下，城市栩栩如生，人與非人悠然自在，迂迴穿梭於髒汙黑暗的街道，一如《星際大戰》中種族混雜的星球，破敗而臭氣濃厚。無論在任何城市，交通樞紐都像心臟，是一顆巨大而怦怦鼓動的活體器官；它鎮日輸入輸出――車輛或生物、貨品或罪犯、實體或幻影。它是見證一切的魔眼，也是金屬鐵鏽組成的血管。在帕迪多街車站，天與地、黑與白、純潔與犯罪、科學與魔法，都在此交會。\r\n\r\n　　然而拯救城市的英雄十分顛覆想像――說是英雄，不如說是捅出簍子的始作俑者。然而即便是麻煩的起源，整個噩夢卻是由整個城市的黑暗人心來完成――犯罪的鳥人前來求助、對稀有生物的需求流入黑市、毛蟲貪食危險的毒品「殘夢」、為了錢與權毫無道德操守的政府……瘋狂科學家雖是自作孽，也是連環事件中唯一出手解決的一枚齒輪。\r\n\r\n　　在新克洛布桑，他是活在不見天日的夾縫中的無名小卒，卻又真實得足以照亮這座陰暗的城市。\r\n\r\n名人推薦\r\n\r\n　　取法科幻、恐怖影史經典場景的集大成作《帕迪多街車站》，是通往異種生物世界的起點，進入蟲人族、鳥人、仙人掌人族……等各個猶如人類DNA與各種生物混成、突變的種族。在這個世界裡，人與非人、生命與非生命的界線已然模糊不清，而成就或腐敗、希望或毀棄、重生或滅絕，全在一瞬之間。――既晴，恐怖／推理小說作家、評論人\r\n\r\n　　閱讀《帕迪多街車站》彷彿像是被捲入一處頹敗晦暗卻又處處充滿怪誕瑰麗的夢魘之中，遊蕩在各式殘屑、髒汙、有機體、異類物種、以及破敗建築所堆構連結起來的有機世界，在夢境與現實、瘋狂與理智、超越與限制中無盡循環。柴納．米耶維在此所成就的並不僅僅是一本以故事劇情取勝的尋常幻想小說。此處他所企及事實上更是一種新感官空間寫作：在細微繁瑣的文字堆疊中，在色塊與聲響的交互作用下，讀者將體驗到如用藥經驗般的狂喜與疲憊、巔峰與失落。一如故事中以唾液從事藝術創作的甲蟲人林恩一般，米耶維以自身感官文字所勾勒出的是一幅如黑幫大老莫特利先生所具備的妖獸身體／文本，令人望之生畏卻又渴望與之相遇。――廖勇超，臺大外文系助理教授\r\n\r\n　　柴納‧米耶維的《帕迪多街車站》跨越了類型文學的藩籬，以既野蠻又傑出的方式揉合奇幻、科幻、蒸氣龐克、懸疑驚悚、時事批判種種元素，卻又以清晰的寓意喚醒人性共鳴的渴求。這本書就像擁有許多柔軟觸手的文學巨獸，足以勾起大眾讀者內心最深處，害怕直視卻又無比好奇的地帶。\r\n\r\n　　如果你感到人生總在數不清的兩極勢力間糾葛―理性及慾念，責任及夢想，外在與內心，甚至時間與金錢―那麼這故事將扯住你意識疆界中的所有領域，不斷衝擊你對世界的認知。這是一本適合浪漫思想家的書（無論你的浪漫多麼黑暗），也適合幻想創意者，以及所有欲窺視生命真理的讀者。無論夜深人靜或是忙裡偷閒，隨手翻開的一頁，都可能帶給源源不絕的驚喜。從拿起這本書開始，你將親臨一場想像力的盛宴。――余卓軒，Prophesee Entertainment世界觀概念公司故事總監、2041南極遠征隊員\r\n\r\n　　柴納‧米耶維，「新怪譚」的領袖，是這幾年來各個領域中最有趣、前景最看好的作家，帶來巨大的能量與創意。以無比的膽量、智慧與壯舉，重新塑造了當代奇幻。――卡洛斯．魯依斯．薩豐，《風之影》作者\r\n\r\n　　本小說令人大開眼界，如果市面上的小說讓你提不起勁，《帕迪多街車站》會讓你深受撼動，並深深沉迷。這個故事或振奮，或動人，偶爾還會讓你嚇一跳，人道精神貫串其中，引人深思。創造力豐沛，從頭到尾都趣味十足。――《泰晤士報文學增刊》\r\n\r\n　　米耶維成功創造出一個棒極了的世界――這本小說熠熠生輝、令人著迷。――《出版新聞》', '平裝 / 752頁 / 14.8 x 21 x 3.76 cm / 普通級 / 單色印刷 / 二版'),
('9789864540563', 499, '新制多益單字大全', '新制多益 NEW TOEIC 單字大全：2018起多益更新單字資訊完全掌握！', NULL, 'David Cho', '許竹瑩、張育菁', '國際學村', '2017-12-15', '繁體中文', '語言、學習、多益', '十年淬鍊，百萬考生唯一推薦的新制多益單字書！\r\n不管題型如何變化，持續更新內容，準確度最高！\r\n30天激增300分的多益字彙！\r\n看完本書，許多考生考完後驚呼「裡面的重點有考到」！\r\n依2018年最新改版多益題型整理編排，\r\n滿足各種程度需求，學習更有效率！\r\n\r\n　　精益求精，快速掌握最新多益改版狀況！\r\n　　從選字、出題重點講解、考題，完全依照最新題型更新！\r\n\r\n　　從2007年多益第一次變更題型以來，《新多益單字大全》就是百萬考生的第一選擇，多年來不但在台灣，甚至在韓國也是蟬聯暢銷排行榜。之所以能夠如此，因為這本書是真的全方面照顧到多益考生的需求，而且每當多益考試題目有調整的時候，David Cho 老師都會以最敏捷的速度蒐集資訊，持續推出修訂的版本。這一次多益考題台灣在2018年3月大幅度的修改題型，更是讓 David Cho 老師竭盡所有的情蒐能力，徹底摸透這次新制多益題型大改的狀況，而一切努力都是為了給讀者更好的學習效果、更貼近最新出題趨勢的內容。這次的重大改變如下：\r\n\r\n　　【更新選字】刪減出題頻率較低的單字，增加最新熱門常考單字。\r\n　　【更新出題重點講解】針對最新題型，分類講解常考語句、易混淆單字、同義詞、文法。\r\n　　【按改版狀況更新測驗】在段落填空中，按照改版的新制多益新增完整句子的考題。\r\n　　【用漫畫引導主題】開頭的小故事以漫畫呈現，學習起來更加輕鬆有效率。\r\n　　【新制多益必考慣用語120】將新制多益最常考的120個慣用語整理出來，集中記憶更簡單。\r\n　　【新增3種版本MP3】除了之前的5種版本MP3，這次還增加了題目的錄音、120個慣用語的錄音，也就是說，整本書的所有部分都有音檔，就算真的懶得翻書，讀者真的能夠「用聽的」完成全書學習。\r\n\r\n　　編排設計，跟以前一樣好學好用！\r\n\r\n　　除了更新的部分之外，以往方便考生的編排設計在本書一樣保留著：\r\n\r\n　　【依單字出題頻率排序】每個單元是按照出題頻率排序，學習時能更快掌握新制多益考試重點。\r\n　　【最接近考題的例句】書中每個單字的例句內容，都反映最新常考的句型與文法。\r\n　　【方便好查的單字索引】利用索引，可迅速找出單字所在頁面，複習更有效率。\r\n\r\n　　針對不同程度學習需求，依照適合自己的學習計畫，30天達成目標\r\n\r\n　　本書提供檢測自我實力的診斷測驗，學習前可評估自己的程度，從「600～700分」、「800分」、「900分」、「高手級」四種計畫中選擇適合自己的學習深度，任何人都能在30天內達成目標。除了核心單字依照出題頻率排列以外，每單元補充的「新制多益滿分單字」也依照「基礎」、「800分」、「900分」等級別分類，讀者可依照自己的需求選擇性學習。另外，本書更提供「核心單字基本學習」、「核心單字深入學習」、「新制多益滿分單字：基礎」、「新制多益滿分單字：800分」、「新制多益滿分單字：900分、「Daily Checkup」、「實戰Test 1~3」「新制多益必考慣用語120」等8種版本、長達13小時的MP3，絕對能符合各種不同狀況的需求！\r\n\r\n本書特色\r\n\r\n　　1. 依照多益改版的新題型，更新內容\r\n　　多益考題會隨著時間改變，而2018年新制多益的變動，更不只是題目方向的微調，而是連「怎麼考」的題型都做了改變。本書依照變更後的題型，將不必要的單字替換為最新的熱門單字，並且增加新題型的測驗，全面貼近實際考試內容，讓你在學習過程中自然掌握考題走向。\r\n\r\n　　2. 依主題分類的30天單字學習計畫\r\n　　依照構成新制多益考題的30個主題，如工作、社交、旅遊……等等，分門別類列出相關單字，強化單字之間的關聯性，讓記憶更持久。每天剛剛好的學習份量，讓你不慌不忙、循序漸進，輕鬆提升單字力。\r\n\r\n　　3. 依出題頻率排序，可依個人程度選擇性學習\r\n　　本書以出題頻率排列，每個單元依序列出「故事聯想單字」→「最高頻率單字」→「高頻率單字」→「中頻率單字」，讀者可依照自己的能力和時間安排選擇性學習、複習，使用起來更有效率。\r\n\r\n　　4. 全面收錄 7600 個新制多益單字，分門別類一網打盡\r\n　　針對目標分數較高的讀者，每單元另外列出「新制多益滿分單字」，將其他考試中會出現的單字依照「基礎」、「800分」、「900分」程度排列，並且細分為聽力、閱讀Part 5、6或 Part 7會考的單字，全部學完就有7600個新制多益單字的實力，保證滴水不漏。\r\n\r\n　　5. 加強單字出題重點解說\r\n　　準備新制多益不只要背單字，更要了解新制多益如何考單字。最新版《新制多益單字大全》加強單字的出題重點解說，依照「常考語句」、「易混淆單字」、「同義詞」、「文法」等項目分類講解考試趨勢，讓你面對考試更有信心。\r\n\r\n　　6. 提供每日複習與實戰模擬測驗\r\n　　每單元都提供複習試題，測試當日學習成效；每完成10天份的學習之後，還有模擬多益測驗的實戰考題，讓你熟悉實際考試的內容。\r\n\r\n　　7. 按照能力規畫的的高效率學習計畫\r\n　　開始學習前，可藉由簡短的診斷測驗，判斷自己的能力等級，並且從「600～700分」、「800分」、「900分」、「高手級」四種學習計畫中選擇最符合自己的方案，依照自己的步調實現目標。\r\n\r\n　　8. 收錄120個新制多益必考慣用語\r\n　　除了正規的單字外，在新制多益聽力測驗的Part 3、Part 4與閱讀測驗的Part 7新增的「文字簡訊」的閱讀考題中，會出現母語人士在會話中大量使用的慣用語。David Cho 老師將這裡面最常出現的120個整理起來，列在書後。只要熟悉這120個慣用語，無論對於解題，或是對於理解會話都有非常大的助益。\r\n\r\n　　9. 提供方便查尋的單字索引\r\n　　準備新制多益時，如果遇到不懂的單字，或者想複習在本書中學習過的單字，都可以利用索引迅速找出單字所在的頁面，讓複習更有效率。\r\n\r\nMP3特色\r\n\r\n　　13個小時、8種版本MP3，適合不同學習需求\r\n\r\n　　版本1：核心單字基本學習MP3\r\n　　錄音方式：單字英文發音（美→英∕澳→澳∕英）→中文意義\r\n　　運用法：針對只想快速學習、複習，不想浪費時間聽例句的學習者，可使用此版本加快學習。\r\n\r\n　　版本2：核心單字深入學習MP3\r\n　　錄音方式：單字英文發音（美→英∕澳）→中文意義→例句（美→英∕澳）\r\n　　運用法：想徹底了解單字在句子中如何被使用，可使用此版本深入學習。\r\n\r\n　　版本3：新制多益滿分單字：基礎MP3\r\n　　錄音方式：單字英文發音（美→英∕澳）→中文意義\r\n　　運用法：想要從基本分（500~600）實力再往上加強時，可以聽此版本記憶更多單字。\r\n\r\n　　版本4：新制多益滿分單字：800分MP3\r\n　　錄音方式：單字英文發音（美→英∕澳）→中文意義\r\n　　運用法：針對要考800分以上考生，設計的單字表的MP3。\r\n\r\n　　版本5：新制多益滿分單字：900分MP3\r\n　　錄音方式：單字英文發音（美→英∕澳）→中文意義\r\n　　運用法：針對要考900分以上考生，設計的單字表的MP3。\r\n\r\n　　版本6：Daily Checkup MP3\r\n　　錄音方式：每日測驗中的句子唸兩遍（美→英∕澳）\r\n　　運用法：測驗完後，可以用聽的再重新複習。\r\n\r\n　　版本7：實戰Test 1~3 MP3\r\n　　錄音方式：實戰測驗中的句子唸兩遍（美→英∕澳），文章唸一遍（美）\r\n　　運用法：測驗完後，可以用聽的再重新複習。\r\n\r\n　　版本8：新制多益必考慣用語120 MP3\r\n　　錄音方式：慣用語英文發音（美→英∕澳）→中文意義\r\n　　運用法：用聽的加強新制多益必考慣用語的記憶。', '平裝 / 608頁 / 17 x 23 x 3.04 cm / 普通級 / 雙色印刷 / 初版'),
('9789864764846', 580, 'Deep Learning', 'Deep Learning：用Python進行深度學習的基礎理論實作', NULL, 'Koki Saitoh', '吳嘉芳', '歐萊禮', '2017-08-17', '繁體中文', '電腦、資訊', '　　\r\n    不走捷徑，幫助您真正搞懂「深度學習」的真義\r\n\r\n　　這是一本與「深度學習」有關的書籍。從入門開始說明，一步一步帶領你瞭解深度學習必須具備的知識。本書可以幫助您了解：深度學習究竟是什麼？有何特色？根據何種原理來運作？\r\n\r\n　　從零開始，由實做中學習\r\n\r\n　　本書的目標是，盡量避免使用不瞭解內容的「黑盒子」，以基礎的知識為起點，以容易上手的Python撰寫程式，從動手實作的過程中，一步步深入瞭解深度學習。若以車用書籍來比喻這本書的話，這本書並不屬於汽車駕訓教材，而是希望能夠幫助您瞭解車子的原理，而非教您開車的方法。為了瞭解汽車的結構，必須試著打開車子的引擎蓋，將每個零件都拿起來觀察、操作看看。然後盡量用簡單的形狀，篩選出車子的核心部分，就像組合迷你模型般，製作出這台車子。本書的目標，就是透過製作車子的過程，讓你感受到自己實際可以製作出車子，進而熟悉與車子的相關技術。\r\n\r\n本書特色：\r\n\r\n　　．利用最少的外部函式庫，使用Python，從零開始實際執行深度學習的程式。\r\n　　．說明Python 的用法，讓Python 的初學者也能理解。\r\n　　．實際執行Python 的原始碼，同時提供讀者手邊可以進行實驗的學習環境。\r\n　　．從簡單的機器學習問題開始，到最後執行精密辨識影像的系統。\r\n　　．以淺顯易懂的方式說明深度學習與神經網路理論。\r\n　　．針對看似複雜的技術，如誤差反向傳播與卷積運算等，利用實際操作方式說明，幫助理解。\r\n　　．介紹在執行深度學習時，有幫助且實用的技巧，包括決定學習率的方法、權重的預設值等。\r\n　　．說明Batch Normalization、Dropout、Adam 等最近的趨勢與操作。\r\n　　．為什麼深度學習很優秀，為什麼加深層數，就能提高辨識準確度，為什麼隱藏層很重要，仔細說明這些「為什麼」。\r\n　　．介紹自動運作、產生影像、強化學習等深度學習的應用範例。', '平裝 / 284頁 / 17 x 23 x 1.42 cm / 普通級 / 單色印刷 / 初版'),
('9789865250201', 500, '盲眼鐘錶匠', '盲眼鐘錶匠：解讀生命史的奧祕', 'The Blind Watchmaker: Why the Evidence of Evolution Reveals a Universe Without Design', 'Richard Dawkins', '王道還', '天下文化', '2020-12-25', '繁體中文', '科學', '　\r\n「要是天擇可以扮演自然界的鐘錶匠這個角色，它一定是個盲目的鐘錶匠。」\r\n　　--道金斯\r\n \r\n　　本書書名的「鐘錶」是生物的隱喻，\r\n　　強調生物的構造與功能機制既複雜又巧妙。\r\n　　「鐘錶匠」本來是「創世主」的隱喻，\r\n　　不過道金斯將它轉喻「演化機制」，\r\n　　加上「盲眼」這個形容詞，\r\n　　既凸顯了演化具有基因的隨機變異，\r\n　　也指出演化並沒有先驗的方向。\r\n \r\n　　各種生物的構造與功能之所以成為現今的樣貌，\r\n　　絕非偶然也非一蹴可幾，\r\n　　那些看似隨機的演化過程，\r\n　　卻足以構成生物體種種複雜巧妙的機制，\r\n　　盲眼鐘錶匠究竟需要多大的能耐，\r\n　　才能打造出各種精美的鐘錶？\r\n \r\n　　讓我們跟著演化生物學大師道金斯，\r\n　　一舉窺探那些關於演化、關於天擇、\r\n　　關於意圖推翻達爾文的各門學派，\r\n　　瞧瞧「物競天擇，適者生存」八字箴言背後，\r\n　　藏著多少生命史的祕密。\r\n \r\n得獎紀錄\r\n \r\n　　常年盤踞亞馬遜生物演化排行榜\r\n　　英國皇家文學學會非小說類最佳書獎\r\n　　美國洛杉磯時報文學獎', '平裝 / 480頁 / 14.8 x 21 x 2.4 cm / 普通級 / 單色印刷 / 初版'),
('9789865251031', 700, '漫步華爾街', '漫步華爾街：超越股市漲跌的成功投資策略', 'A Random Walk Down Wall Street: The Time-Tested Strategy for Successful Investing', 'Burton G. Malkiel', '楊美齡, 林麗冠, 蘇鵬元, 陳儀', '天下文化', '2021-03-31', '繁體中文', '財經、商業', '暢銷超過45年新編增訂版\r\n \r\n　　★了解最新投資理論、股市、基金、ETF與加密貨幣等當代投資工具的最佳投資書\r\n　　★幫助投資人在愈來愈動盪的年代中，安心、穩健、持續的獲利\r\n \r\n　　識破基本面、技術面與各種花俏投資術語\r\n　　綜合學界研究成果、投資界最新操作策略\r\n　　深入淺出介紹ETF投資致勝的不敗經典\r\n \r\n　　本書自1973年出版至今，已經暢銷超過45年。作者墨基爾（Burton G. Malkiel）擁有華爾街專業投資人、經濟學者與個人投資者的三重身分，他整合個人豐富的經驗，加入產學界全新看法，更涵蓋各種投資工具，本書無疑是最經典的個人理財指南。\r\n \r\n　　此次新編增訂版也納入全新內容，幫助讀者辨別最新金融商品的優劣：\r\n \r\n　　●比特幣這麼熱門，可以買嗎？\r\n　　小心，比特幣可能是有史以來最大的泡沫。\r\n　　●高股息與價值型ETF真的能打敗大盤？\r\n　　這類追求主動報酬的Smart Beta商品風險集中，只能用來部分配置。\r\n　　●達利歐的風險平價策略真的可以攤平風險嗎？\r\n　　別忘了，槓桿操作反而會讓風險加大，低風險只是表象。\r\n \r\n　　在這個資訊飛速傳播的新時代，投資界天天都有新商品，\r\n　　但是別忘了華倫‧巴菲特的忠告：「懶惰是最佳的投資模式。」\r\n \r\n　　簡單的買進並持有指數型基金，才是最好的投資策略！\r\n \r\n好評推薦\r\n \r\n　　《華爾街日報》：「提供常識建議，幫助投資人選擇標的的實用書籍。」\r\n　　《金融時報》：「散戶進入市場前的必讀指南。」\r\n　　《經濟學人》：「當之無愧的長青暢銷書。」\r\n \r\n　　想要在股市裡有很好的表現嗎？這裡有個很好的建議，那就是存一點錢，然後買下墨基爾的書，接著把剩下的錢拿去買指數型基金。──《洛杉磯時報》（Los Angeles Times）\r\n \r\n　　你可以想像正在上一堂長達一週的投資課，教課的人擁有班傑明．富蘭克林（Benjamin Franklin）的常識、米爾頓．傅利曼（Milton Friedman）的學術知識，以及華倫．巴菲特（Warren Buffett）的實務經驗。不用多說，墨基爾這本最新版的作品一定要讀。──《霸榮》（Barron’s）\r\n \r\n　　訪問10位投資專家，你會聽到10個人都推薦墨基爾這本經典的投資書。──《華爾街日報》（Wall Street Journal）\r\n \r\n　　過去50年來，真正好的投資書不超過6本，而這本就是其中的經典。──《富比士》（Forbes）\r\n \r\n　　如果你的新年願望是要改善個人財務狀況，建議你不用到書店找新書，只要重讀經典，尤其是《漫步華爾街》。──《紐約時報》（New York Times）\r\n \r\n　　引人入勝、條理分明的巨作。──《財經》（Money）', '平裝 / 544頁 / 14.8 x 21 x 2.72 cm / 普通級 / 單色印刷 / 增訂版'),
('9789865824631', 360, '複眼人', '複眼人', 'The Man with the Compound Eyes', '吳明益', NULL, '新經典文化', '2016-06-29', '繁體中文', '文學', '\r\n以大無畏的溫柔，寫出了人性的脆弱，也寫出了人世的脆弱。     ──娥蘇拉．勒瑰恩（Ursula K. Le Guin）\r\n\r\n　　2016全新典藏版\r\n　　吳明益、張又然、鄭景文、王樂惟、王富生、金芸萱，聯手插畫詮釋\r\n　　特別收錄：短篇小說〈複眼人〉、《衛報》專文書評、各國際版本書封\r\n\r\n　　2015《Time Out Beijing 》百年來最佳中文小說\r\n　　2014法國島嶼文學獎小說獎（PRIX DU LIVRE INSULAIRE）\r\n　　2012臺北國際書展小說類大獎\r\n　　2011《中國時報》開卷年度好書\r\n　　已售出美國、英國、法國、中國、土耳其、捷克、印尼、衣索比亞、印度、匈牙利等多國版權\r\n\r\n　　如此細心，且如此耐心，排除了搶救的迫切語氣，看似不溫不火地將騎車緩行的細微觀察與幽微心境堆疊、鋪陳，不需太多的形容詞，那樣的敘述與節奏中，就有了內在的一種珍惜與愛護，傳染給閱讀者。他不特別區分該被挽救的，與該被痛恨的，平等地婉婉記敘，卻更能激起悵然傷痛之情，而且久久不散。──楊照\r\n\r\n　　這是一部揉合科幻與奇幻，詩意與憂傷的小說──\r\n\r\n　　南美洲給了我們魔幻寫實，現在臺灣給了我們一種述說這個世界的全新方式，毫不矯情，但也絕不殘酷。吳明益以大無畏的溫柔，寫出了人性的脆弱，也寫出了人世的脆弱。──娥蘇拉．勒瑰恩（Ursula K. Le Guin）\r\n\r\n　　跨足輪廓鮮明的寫實主義和極度細膩的奇幻魔力，盤旋於狂野想像的懸崖……是一部情感真摯、帶有政治反思的小說，牢繫於對生態的關切，以及臺灣認同。──《衛報》書評，歐大旭（Tash Aw）\r\n\r\n　　這是一個關於記憶與思念、人與自然相依共生的故事──\r\n\r\n　　瓦憂瓦憂島民以為世界就是一個島，會隨著潮汐在海裡四處漂移。除非長子夭亡，瓦憂瓦憂島的次子很少結婚，因為他們在出生後第一百八十次月圓時，會被賦予一趟有去無回的航海責任。\r\n   \r\n　　阿特烈的命運是次子，因此即使最會造船、泳技絕倫，即使受島上所有少女愛慕，滿十五歲的他仍然必須駕著泰拉瓦卡，帶著十天份的水，帶著對烏爾舒拉的愛戀，航向汪洋，永不回返。\r\n  \r\n　　再精巧堅固的泰拉瓦卡也不敵海上的風雨，阿特烈擱淺在一個充滿奇怪物品、奇怪氣味的島上。瓦憂瓦憂次子們的鬼魂白天化身抹香鯨在島邊守護，但他們不能幫助阿特烈，甚至發現阿特烈將漂向「邊緣」之外也無能為力。\r\n  \r\n　　傑克森在一次攀岩中失足，兒子托托因而失蹤，頓失丈夫與兒子的阿莉思一天醒來，決定自殺。她靜靜做著決定，做著安排，卻不意在地震引發的海水倒灌中救了一隻貓，為了保護這隻貓，她反射性地出現求生本能。\r\n  \r\n　　垃圾渦流即將撞上臺灣東岸的新聞在電視裡沸沸揚揚，這個岸邊小鎮也因為湧進大批記者而出現不協調的吵嚷。文明社會追求的開發效益、新聞性的價值判斷，粗魯地干擾著與原本安靜的小鎮，以及人們走過滄桑終於安頓的心情。\r\n  \r\n　　撞擊而來的垃圾渦流毀了整片海岸，破壞了平靜的生活，但帶來了瓦憂瓦憂少年。兩個語言不通的赴死者在山裡相遇，失去兒子的阿莉思與失去親人的阿特烈嘗試了解彼此；阿特烈忙著理解新世界，阿莉思默默透過書寫，以及與阿特烈斷斷續續的對話，梳理著喪子的哀慟。\r\n  \r\n　　要等到複眼人出現，讀者才知道真相。\r\n  \r\n　　阿特烈如何面對族人堅持遺忘自己的悲傷？出海尋找阿特烈的烏爾舒拉，如何以有孕之身力抗海神卡邦？受命鑿山十幾年以開通隧道的工程師李榮祥，在親歷過山的「內心」後，如何看待「值得」的定義？而闔上小說最後一頁的讀者，又會將眼光投向何處？\r\n\r\n　　關於短篇小說〈複眼人〉──\r\n\r\n　　一個從年輕時便對蝴蝶深深癡迷的昆蟲學者，三十歲那年租船到海上追尋玉帶鳳蝶遷徙，在不同於恐懼、興奮或激動的情緒中，體驗到某種脆弱的震撼。之後，隨著駕船老者的離世，追蹤玉帶鳳蝶的念頭也消沉了下來。而在此時，一個「紫蝶幽谷保護區觀光發展案」把他帶入野地，以另一種形式與蝶為伍、與自然靠近。在孤獨中，一天，複眼人突然出現……（原收錄於短篇小說集《虎爺》中，2003年九歌初版，現已絕版）\r\n\r\n評論\r\n\r\n　　我從沒讀過這樣的小說，從來沒有。南美洲給了我們魔幻寫實，現在臺灣給了我們一種述說這個世界的全新方式，毫不矯情，但也絕不殘酷。吳明益以大無畏的溫柔，寫出了人性的脆弱，也寫出了人世的脆弱。──娥蘇拉．勒瑰恩（Ursula K. Le Guin）\r\n\r\n　　跨足輪廓鮮明的寫實主義和極度細膩的奇幻魔力，盤旋於狂野想像的懸崖……是一部情感真摯、反思國家政策的小說，牢繫於對生態的關切，以及臺灣認同。──《衛報》書評，歐大旭（Tash Aw）\r\n\r\n　　這是個精采的故事。我讀到瀕死鯨魚與大海嘯迎面而來的段落時忍不住掉淚。我一直為文壇少數的全知說書人離世而惋惜，他們的作品強大、天馬行空，富含想像空間，就像這本書，我覺得它勢必成為經典。作者將這些令人回味再三、無法忘懷的傳說，說得美麗動人。──《羊毛記》作者休．豪伊（Hugh Howey）\r\n\r\n　　《複眼人》令人著迷不已，因為它有深度與層次，充滿生活的氣息。這本書歌頌的核心是傳說，但音質緊扣現實。──《時光機器與消失的父親》（How to Live Safely in a Science Fictional Universe）作者查爾斯．游（Charles Yu）\r\n\r\n　　直率的寫實主義與奇幻的巧妙融合。吳明益美麗的文字與多重意涵的生態與文化主題，大大地滿足我們的閱讀體驗。──《書單》（Booklist）雜誌\r\n\r\n　　太令人讚嘆了！如此動人的小說要讓更多讀者讀到。──《獨立報》（The Independent）\r\n\r\n　　書裡描述阿特烈的魔幻國度，以及天真的他對這個不熟悉的黑暗世界的冒險之旅，很有想像力，觸動人心。──《金融時報》（Financial Times）\r\n\r\n　　吳明益這本宛如雲霄飛車的作品，述說著智慧、野性、驚奇與愛的故事，一翻開便無法放下；我沉浸在這個出身臺北的幻想家所虛構的未知領域裡冒險了好多天。帶有一點南美洲的魔幻寫實主義，帶有一點瑪格麗特．艾特伍猶如雲霄飛車般的狂想……《複眼人》應該是我目前讀過臺灣最好的一部小說。英文譯稿流暢，細心地掌握了臺灣原住民之間文化與語言的微小差異。──《臺北時報》（Taipei Times）\r\n\r\n　　來回穿梭於寫實、超現實與魔幻寫實的文體，與數個充滿暗示的段落，令人目眩神迷。華文世界獲獎連連的作家吳明益所完成的文學小說，既不裝腔作勢也不討好讀者，它需要的是好奇與智性的知音。──《圖書館》雜誌（Library Journal）\r\n\r\n　　很有魅力的一本書，一部科幻小說，是像瑪格麗特．艾特伍那樣的科幻傑作。我無法輕易放下。──傑森．席漢（Jason Sheehan），NPR書評\r\n\r\n　　精采揉合科幻、奇幻、地誌傳說與魔幻寫實元素，作者為這本卓越、令人神往的作品開創出全新體裁。──《匹茲堡郵報》（Pittsburgh Post-Gazette）\r\n\r\n　　吳明益充滿詩意的書寫，打造出這部迷人又多樣滋味的哀歌，讀來淒美動人。──《喧囂》（The Rumpus）雜誌\r\n\r\n　　故事美麗動人，譯稿精采絕倫。吳明益帶我們經歷無垠大海中撞擊生命而來的垃圾渦流，它帶來混亂，也引發某些新改變。這個故事富含情感，純真、溫柔，宛如海潮高漲，退去復來。──《The Bloomington Sun-Current》\r\n\r\n　　這是一份禮物。吳明益既是自然寫作者又是說故事的人，這本書最動人的地方，除了筆下人物的互信互助，更有人類、動物與植物的相依共生。──Full Stop書評', '平裝 / 400頁 / 25k正 / 14.8 x 21 x 2 cm / 普通級 / 單色印刷 / 初版'),
('9789866158728', 420, '里斯本夜車', '里斯本夜車', 'Nachtzug nach Lissabon', 'Pascal Mercier', '趙英', '野人', '2013-03-06', '繁體中文', '文學', '\r\n二十一世紀最暢銷的哲學小說\r\n小說閱讀與哲學思辯的雙倍享受\r\n全球熱銷200萬冊、雄踞德國暢銷榜140週\r\n改編電影．2013年柏林影展競賽片\r\n奧斯卡∕坎城金獎名導比利奧古斯特．金獎影帝傑瑞米艾朗主演\r\n\r\n　　我的人生是不歇的火車，我的文字是煉金師的心血。\r\n　　我的愛，則是駭人的海洋，將你吞噬……\r\n\r\n　　中學教師戈列格里斯生活出現巨變的那一天，開始時與其他無數的日子並無二致：七點四十五分，他踏上通往學校的大橋，在滂沱大雨中，看見紅衣女子似乎打算往下跳，正要出手阻止時，女子突然轉過身來，拿筆在他額頭上寫下一串數字。紅衣女子離去後，她那謎樣的葡萄牙口音對戈列格里斯有莫名的召喚力，他在上課中途頭也不回地離開教室，打算尋找她的下落。\r\n\r\n　　戈列格里斯遊蕩街頭時，無意間在書店發現葡萄牙作家普拉多的隨筆《文字煉金師》。「如果我們只能依賴內心的一小部分生活，剩餘的該如何處置？」普拉多的話震撼他的心，令他毅然拋下井然有序的生活，帶著書，搭上前往里斯本的夜班火車查訪普拉多的生平。\r\n\r\n　　在里斯本，戈列格里斯查訪普拉多的親友，一步步重建這名抵抗葡萄牙獨裁政權的非凡醫生與作家的圖像。然而，了解另一個生命，對認識自己又有何幫助？人是否真有可能突破既定生活的牢籠？\r\n\r\n　　《里斯本夜車》不僅敘述了一趟跨越時空的旅程，也探討人一生中許多難以言喻的經驗：孤獨、有限的生命、死亡、友誼、愛情與忠誠。其感性密度與思想深度，都令人深深感動。\r\n\r\n作者簡介\r\n\r\n帕斯卡．梅西耶（Pascal Mercier）\r\n\r\n　　本名為彼得．畢里（Peter Bieri），一九四四年生於瑞士伯恩，目前是柏林自由大學的哲學教授，專擅領域是探討自由，曾出版哲學類著作《自由的手工藝：關於個人意志的揭露》（Das Handwerk der Freiheit，2001）。\r\n\r\n　　除了學術領域，梅西耶更廣為人知的身分是小說家，前兩本小說《佩爾曼的沉默》（Perlmanns Schweigen，1995）與《鋼琴調音師》（Der Klavierstimmer，1998），受到文壇矚目。在2004年問世的第三部小說《里斯本夜車》（Nachtzug nach Lissabon）更高踞德國暢銷書排行榜一百四十週，被翻譯成十五國語文，全球銷量迄今超過兩百萬冊。\r\n\r\n　　梅西耶在2006年獲頒瑪利亞－路易絲－卡敘尼（Marie-Luise-Kaschnitz-Preis）文學獎，這個獎項專門獎勵以德文寫作的傑出作家；2007年以《里斯本夜車》獲頒義大利格林尚內卡渥（Premio Grinzane Cavour）文學獎的最佳外文小說獎。\r\n\r\n譯者簡介\r\n\r\n趙英\r\n\r\n　　在中國時，曾在德國知名企業工作多年，後因迷戀德國的人文藝術，來到德國，並在這裡成家育子。現專職英、德語翻譯，譯有《世界搜藏家》、《預言》、《大廚發聲》、《微光》、《星光》、《艾克多的幸福筆記》、《香味》、《系統》等書。', '平裝 / 432頁 / 15 x 21 x 2.16 cm / 普通級 / 單色印刷 / 初版'),
('9789866723704', 650, '存在與虛無', '存在與虛無', NULL, 'Jean-Paul Sartre', '陳宣良、杜小真', '左岸文化', '2012-07-04', '繁體中文', '哲學、社會', '\r\n近代思想把存在物還原為一系列顯露存在物的顯象，這樣做的目的是為消除某些使哲學家們陷入困境的二元論，並且用現象的一元論來取代它們。這種嘗試成功了嗎？\r\n\r\n　　我們從「顯現」出發，繼而提出了兩種類型的存在：自在與自為。這兩種存在的深刻的含義是什麼？為什麼這兩種存在都屬於一般的存在？這種自身中包含著截然分立的存在領域的存在的意義是什麼？如果唯心主義和實在論都無法解釋那些事實上用來統一那些確實無法溝通的那些領域的關係，我們能給這個問題提出別的解決辦法嗎？現象的存在怎麼能是超現象的呢？\r\n\r\n　　正是為了回答這些問題，我寫了本書。           －－尚-保羅．沙特', '平裝 / 736頁 / 15 x 21 x 3.68 cm / 普通級 / 單色印刷 / 初版'),
('9789869572422', 800, '白夜行', '白夜行', NULL, '東野圭吾', '劉姿君', '獨步文化', '2017-12-30', '繁體中文', '文學', '\r\n日本銷量突破兩百萬冊，在台十年長銷不墜，\r\n東野圭吾創作生涯永恆經典全新修訂版隆重登場。\r\n因為被奪走太陽，只能行走在白夜之中；\r\n然而當白夜來到盡頭之際，又將有什麼在等待著？\r\n\r\n2000年《週刊文春推理小說Best10》第一名\r\n2000年《這本推理小說了不起！》第二名\r\n2000年第122屆直木獎入圍作\r\n多次改編舞台劇、電視、電影，東野作品輝煌影視帝國的起點！\r\n\r\n【故事大綱】\r\n他們為什麼如此輕易地抹煞別人的性命？\r\n他們為什麼毫無愧疚地奪取別人的靈魂？\r\n一九七三年，在大阪的一棟廢棄大樓發現一具當鋪老闆的屍體。\r\n警方雖然各方奔走調查，案件卻隨著嫌疑犯的死亡，走入迷宮。\r\n而被害者的兒子桐原亮司，嫌疑犯的女兒西本雪穗被迫提早結束童年，\r\n走上了截然不同的道路。\r\n桐原亮司拉皮條、盜賣電玩軟體、隱姓埋名竊取商業機密，不斷向下沉淪；\r\n雪穗則由親戚收養，就讀明星學校，成為同學豔羨的對象，儼如上流名媛。\r\n然而，兩人身邊的人卻紛紛遭遇不幸，甚至死於非命，\r\n這是命運無情的操弄，還是潛藏著駭人的真相？\r\n東野圭吾以粗礪的筆法描寫了一段因為內疚，所以在暗夜中犧牲奉獻到底；\r\n因為憤恨，所以在白日下支配操弄一切的關係。\r\n然而這段長達十九年，無人知曉的背德關係中又是否有名為「愛」的事物存在……？\r\n\r\n\r\n【名家推薦】\r\n因為脆弱的純真受到傷害，所以必須捨棄而堅強，因為堅強，所以必須自過去、自記憶逃亡，從人間的律法道德，一直到狼狽不已、泯滅人性。沒有了靈魂，也就等於失去了「心」，喪失了善良╱道德感的可能，只剩下腦所能夠製造的智慧，智慧不見得能夠保證善良，卻可以確保犯罪的可行，讓他們一步步走入暗夜之中。\r\n──陳國偉（中興大學台灣文學與跨國文化研究所副教授）', '平裝 / 744頁 / 21 x 14.8 x 5 cm / 普通級 / 單色印刷 / 初版'),
('9789869644730', 520, '股票作手回憶錄', '股票作手回憶錄', 'Reminiscences of a Stock Operator', 'Edwin Lefèvre', '李奧森', '大牌出版', '2020-01-02', '繁體中文', '財經', '\r\n只要明天股市還會開盤，這本書就會繼續出現在贏家的書架上。\r\n因為市場永遠不會犯錯，只有人性會犯錯！\r\n\r\n　　──超越時代的傳奇，無可取代的作手操盤聖經──\r\n　　完整呈現：「史上最不可思議的投機客」傑西‧李佛摩\r\n　　八次破產再起的交易心法\r\n\r\n　　★《華爾街日報》點評經典之作\r\n　　★《富比士雜誌》推薦投資人必讀名著\r\n　　★ 最專業易讀的繁中譯本，老手心領神會，新手也能零負擔吸收\r\n　　★ 獨家收錄：〈洞悉贏家之眼‧李佛摩交易語錄〉\r\n\r\n　　《股票作手回憶錄》記述華爾街大亨──李佛摩的交易生涯與心境轉折歷程。\r\n\r\n　　李佛摩在書中化名為拉利・李文斯頓，從一個只想在空中交易所下注的賭徒，到足以大膽克服逆境、謹慎走過順境，隨著經驗與知識增長，慢慢摸索出獲利的法則，進而成為一個沉默寡言、精明幹練的交易王者。\r\n\r\n　　「華爾街沒有新鮮事。」\r\n　　「隨時將獲利的一半鎖進保險箱。」\r\n　　「成功的交易者必須違逆恐懼與希望的本能。」\r\n　　「在市場上，要對抗的敵人很多，包括你自己。」\r\n　　「最可怕的投機錯誤，莫過於──急於想扳回一城。」\r\n\r\n　　至今那些最令人當頭棒喝的交易名言，皆是源自於李佛摩的頓悟。\r\n\r\n　　在李佛摩傳奇性的一生中，曾兩度放空美股，造成美股大崩盤，大賺一億美元，美國政府甚至出面央求他「不要再放空股市」；他也曾歷經八次破產，欠下巨額債款，但仍八次崛起，一次比一次強盛。正如李佛摩本人所說：「我曾在兩年內就破產三次，但破產是讓人成長的最好方式。」\r\n\r\n　　透過本書，讀者將能進一步理解李佛摩如何解讀市場與股票交易行為、如何選擇最佳交易時機，以及資金控管的真知灼見。\r\n\r\n各界推薦\r\n\r\n　　這是一本經典之作，給予讀者有如交易者般的頭腦。──《華爾街日報》\r\n　　本書對大眾心理和市場脈絡的掌握，即便在今天仍舊具備高度準確性。──《Worth雜誌》\r\n　　當無數股市交易著作曇花一現後，《股票作手回憶錄》依然歷久彌新。──《GQ雜誌》\r\n　　猶如一顆擁有操作智慧的永恆寶石──經常被仿效，但從未被超越。──《走進我的交易室》作者，亞歷山大．艾爾德博士\r\n　　我問了三十多位證券交易人同一個問題，「哪本書對你而言深具啟發」，至今獨佔鰲頭的答案仍是《股票作手回憶錄》。──《金融怪傑》作者，傑克‧史瓦格\r\n　　讀了二十年，一讀再讀，《股票作手回憶錄》仍是我最愛不釋手的好書。──《富比士雜誌》「投資組合策略」專欄作者\r\n', '平裝 / 448頁 / 14.8 x 21 x 2.6 cm / 普通級 / 單色印刷 / 初版');

-- --------------------------------------------------------

--
-- 資料表結構 `comment`
--

CREATE TABLE `comment` (
  `account` varchar(20) NOT NULL,
  `time` datetime NOT NULL,
  `rate` int(11) NOT NULL,
  `content` text DEFAULT NULL,
  `isbn` varchar(13) NOT NULL
) ENGINE=InnoDB DEFAULT CHARSET=utf8mb4;

--
-- 傾印資料表的資料 `comment`
--

INSERT INTO `comment` (`account`, `time`, `rate`, `content`, `isbn`) VALUES
('happy123', '2022-06-12 17:09:31', 5, '好看', '9789571335896'),
('happy123', '2022-06-13 05:02:11', 5, '讚讚', '9789866723704'),
('happy123', '2022-06-13 05:02:23', 5, '讚讚', '9789866158728'),
('happy123', '2022-06-13 05:02:34', 5, '讚讚', '9789862271575'),
('member', '2022-06-11 13:43:39', 5, '很有幫助!', '9789862354834'),
('member', '2022-06-13 05:09:09', 5, '讚讚', '9789865824631'),
('member', '2022-06-13 10:06:29', 5, '', '9789862271575'),
('member', '2022-06-13 10:06:38', 5, '', '9789571384641'),
('member', '2022-06-13 10:06:45', 5, '', '9789576637872'),
('test', '2022-06-11 13:44:29', 4, '讚讚', '9789862354834'),
('test', '2022-06-12 14:41:32', 4, 'test', '9789862354834'),
('test', '2022-06-12 21:51:59', 5, '', '9789866158728'),
('test', '2022-06-12 21:52:02', 4, '', '9789866158728'),
('test', '2022-06-12 21:52:08', 3, 'aaa', '9789866158728'),
('test', '2022-06-13 00:56:13', 5, 'test', '9789571335896'),
('test', '2022-06-13 00:56:17', 4, '', '9789571335896'),
('test', '2022-06-13 00:56:19', 3, '', '9789571335896');

-- --------------------------------------------------------

--
-- 資料表結構 `user`
--

CREATE TABLE `user` (
  `account` varchar(20) NOT NULL,
  `pw` varchar(20) NOT NULL,
  `user_name` varchar(20) DEFAULT NULL,
  `email` varchar(50) DEFAULT NULL,
  `phone` varchar(20) DEFAULT NULL,
  `question` text NOT NULL,
  `answer` text NOT NULL,
  `status` int(11) NOT NULL,
  `level` int(11) NOT NULL
) ENGINE=InnoDB DEFAULT CHARSET=utf8mb4;

--
-- 傾印資料表的資料 `user`
--

INSERT INTO `user` (`account`, `pw`, `user_name`, `email`, `phone`, `question`, `answer`, `status`, `level`) VALUES
('admin', 'admin123456', '管理員', 'admin@admin.tw', '0912345678', '你確定要修改管理者資料嗎?', '我知道我在做什麼', 1, 10),
('dddd', 'dddddd', '路人', '', '', 'd', 'd', 1, 5),
('happy123', 'hhhhhh', '快樂', '', '', '你快樂嗎', '是', 1, 5),
('member', 'member123456', '一般會員', '', '', '這堂課是什麼?', '網際網路資料庫程式設計', 1, 5),
('ohhhhhhhhh', 'oooooo', '', '', '', 'o', 'o', 1, 5),
('test', 'tttttt', '測試用', 'test@test.test', '', '這堂課幾學分?', '3', 1, 5);

-- --------------------------------------------------------

--
-- 資料表結構 `user_order`
--

CREATE TABLE `user_order` (
  `account` varchar(20) NOT NULL,
  `time` datetime NOT NULL,
  `cost` int(11) NOT NULL,
  `list` varchar(1000) NOT NULL
) ENGINE=InnoDB DEFAULT CHARSET=utf8mb4;

--
-- 傾印資料表的資料 `user_order`
--

INSERT INTO `user_order` (`account`, `time`, `cost`, `list`) VALUES
('happy123', '2022-06-12 17:10:13', 1160, '查令十字路84號(9789571335896) * 1\n長日將盡(9789862271575) * 1\n存在與虛無(9789866723704) * 1\n'),
('member', '2022-06-13 05:08:38', 2005, '未央歌(9789570530704) * 1\n投資金律：建立獲利投資組合的四大關鍵和十四個關卡(9789862354834) * 2\n存在與虛無(9789866723704) * 1\n'),
('member', '2022-06-13 05:08:50', 1330, '新觀念 PHP8+MySQL+AJAX 網頁程式範例教本(第六版)(9789863126850) * 1\n漫步華爾街：超越股市漲跌的成功投資策略(9789865251031) * 1\n'),
('member', '2022-06-13 05:08:55', 360, '複眼人(9789865824631) * 1\n'),
('member', '2022-06-13 05:09:01', 220, '過於喧囂的孤獨(9789862131039) * 1\n'),
('member', '2022-06-13 10:06:09', 650, '存在與虛無(9789866723704) * 1\n'),
('member', '2022-06-13 10:06:22', 1860, '過於喧囂的孤獨(9789862131039) * 1\n投資金律：建立獲利投資組合的四大關鍵和十四個關卡(9789862354834) * 2\n複眼人(9789865824631) * 2\n'),
('test', '2022-06-12 14:31:57', 2400, '查令十字路84號(9789571335896) * 1\n長日將盡(9789862271575) * 1\n投資金律：建立獲利投資組合的四大關鍵和十四個關卡(9789862354834) * 1\n複眼人(9789865824631) * 1\n里斯本夜車(9789866158728) * 1\n存在與虛無(9789866723704) * 1\n'),
('test', '2022-06-13 05:00:44', 700, '長日將盡(9789862271575) * 2\n');

--
-- 已傾印資料表的索引
--

--
-- 資料表索引 `book`
--
ALTER TABLE `book`
  ADD PRIMARY KEY (`isbn`);

--
-- 資料表索引 `comment`
--
ALTER TABLE `comment`
  ADD PRIMARY KEY (`account`,`time`);

--
-- 資料表索引 `user`
--
ALTER TABLE `user`
  ADD PRIMARY KEY (`account`);

--
-- 資料表索引 `user_order`
--
ALTER TABLE `user_order`
  ADD PRIMARY KEY (`account`,`time`);
COMMIT;

/*!40101 SET CHARACTER_SET_CLIENT=@OLD_CHARACTER_SET_CLIENT */;
/*!40101 SET CHARACTER_SET_RESULTS=@OLD_CHARACTER_SET_RESULTS */;
/*!40101 SET COLLATION_CONNECTION=@OLD_COLLATION_CONNECTION */;
